Time,Source,Target,Weight
0.0,0.0,1.0,0.012684134512912282
0.0,0.0,3.0,0.10353455706980771
0.0,0.0,5.0,0.09305386299365132
0.0,0.0,6.0,0.0794341087485872
0.0,0.0,7.0,0.07346995015684724
0.0,0.0,9.0,0.07878813786518511
0.0,1.0,2.0,0.007555654761792402
0.0,1.0,3.0,0.05694504502762979
0.0,1.0,4.0,0.2249970405969999
0.0,1.0,5.0,0.0021138143098613053
0.0,1.0,9.0,0.09365931970166506
0.0,2.0,4.0,0.029114578285604716
0.0,2.0,6.0,0.05795692283773107
0.0,2.0,7.0,0.05460886179897173
0.0,2.0,9.0,0.05470194481333736
0.0,3.0,4.0,0.11775496163144185
0.0,3.0,5.0,0.20869795743574088
0.0,3.0,7.0,0.02903475917693156
0.0,3.0,8.0,0.021756673249888808
0.0,3.0,9.0,0.014877138049208477
0.0,4.0,6.0,0.09499122123850648
0.0,4.0,7.0,0.06989204342524087
0.0,4.0,8.0,0.02118016946082721
0.0,4.0,9.0,0.15421391547476285
0.0,5.0,7.0,0.03113894740304642
0.0,5.0,8.0,0.05102328033017517
0.0,5.0,9.0,0.015234820840169212
0.0,6.0,7.0,0.17538197603474998
0.0,6.0,8.0,0.09317173305017816
0.0,7.0,8.0,0.07637813232854482
0.0,7.0,9.0,0.023513688344013274
0.0,8.0,9.0,0.07503800084913508
1.0,0.0,1.0,0.15096003552978476
1.0,0.0,3.0,0.20493664651712779
1.0,0.0,4.0,0.25469448676260276
1.0,0.0,5.0,0.009105006995407925
1.0,1.0,2.0,0.04328957814078167
1.0,1.0,3.0,0.18531905163514745
1.0,1.0,4.0,0.12847105754514418
1.0,1.0,5.0,0.08999252581976791
1.0,1.0,6.0,0.12316737704967874
1.0,1.0,7.0,0.05710727822761554
1.0,1.0,9.0,0.05726853475774741
1.0,2.0,4.0,0.03931492292086278
1.0,2.0,5.0,0.17243214702241977
1.0,2.0,6.0,0.21000206901506863
1.0,2.0,7.0,0.029935230047630358
1.0,3.0,4.0,0.03701571230626646
1.0,3.0,6.0,0.018047795200409104
1.0,3.0,9.0,0.03964251707065514
1.0,4.0,5.0,0.11062517875952485
1.0,4.0,7.0,0.0030098151823156997
1.0,4.0,8.0,0.12055108786863039
1.0,4.0,9.0,0.048172325559676564
1.0,5.0,9.0,0.10742397781028583
1.0,6.0,8.0,0.07733077077732912
1.0,7.0,8.0,0.06071675813873969
2.0,0.0,1.0,0.04120255168829502
2.0,0.0,3.0,0.06358543053409474
2.0,0.0,7.0,0.062080432065055494
2.0,0.0,8.0,0.1201336534288469
2.0,0.0,9.0,0.32134093136503056
2.0,1.0,3.0,0.024478434483108644
2.0,1.0,4.0,0.028125135250836927
2.0,1.0,5.0,0.09807733403705046
2.0,1.0,6.0,0.17831018555431902
2.0,1.0,8.0,0.2350038064101853
2.0,1.0,9.0,0.07436432392701364
2.0,2.0,4.0,0.09958897264631678
2.0,2.0,5.0,0.11111840807204108
2.0,3.0,6.0,0.05600922175726692
2.0,3.0,7.0,0.01086252230155486
2.0,3.0,8.0,0.24174660366317505
2.0,4.0,5.0,0.0018808145455063187
2.0,4.0,6.0,0.18506354746002748
2.0,4.0,9.0,0.009472860470494327
2.0,5.0,8.0,0.05349939390577679
2.0,5.0,9.0,0.0389307978951383
2.0,6.0,8.0,0.04229183017821576
2.0,7.0,8.0,0.049040854225063976
2.0,7.0,9.0,0.06340443023184772
3.0,0.0,2.0,0.2413493514443441
3.0,0.0,4.0,0.0612334484927968
3.0,0.0,5.0,0.15538115662675914
3.0,0.0,9.0,0.05959867661980375
3.0,1.0,2.0,0.20075026536231608
3.0,1.0,4.0,0.06606781828601109
3.0,1.0,5.0,0.0038728620525498997
3.0,1.0,8.0,0.10657797507966829
3.0,3.0,5.0,0.0013994044627166184
3.0,3.0,6.0,0.11536564214439692
3.0,4.0,6.0,0.03765671356009222
3.0,4.0,8.0,0.0911371613662127
3.0,4.0,9.0,0.017549174561366294
3.0,5.0,6.0,0.14785744719710478
3.0,5.0,8.0,0.27666020430941346
3.0,5.0,9.0,0.05731749718968761
3.0,6.0,8.0,0.025004488401769977
3.0,6.0,9.0,0.013299610331605918
3.0,7.0,8.0,0.04802051664206579
3.0,8.0,9.0,0.027581293738679537
4.0,0.0,1.0,0.16983961767992023
4.0,0.0,2.0,0.049900628640024806
4.0,0.0,4.0,0.027284771911693314
4.0,0.0,5.0,0.260738573869327
4.0,0.0,6.0,0.03337986899608286
4.0,0.0,7.0,0.15186571952401365
4.0,0.0,8.0,0.07275166312131537
4.0,0.0,9.0,0.02653348602967528
4.0,1.0,2.0,0.04371906071090471
4.0,1.0,5.0,0.10989226465527543
4.0,1.0,6.0,0.24762196851071028
4.0,1.0,7.0,0.00143086762612131
4.0,2.0,6.0,0.09496813873209993
4.0,2.0,8.0,0.14903501353628176
4.0,2.0,9.0,0.10730131383515062
4.0,3.0,4.0,0.13538674696366446
4.0,3.0,5.0,0.012622262843936664
4.0,3.0,6.0,0.061019681150916355
4.0,4.0,6.0,0.13541449935686078
4.0,4.0,8.0,0.2627779890150422
4.0,5.0,6.0,0.09057271919821616
4.0,6.0,7.0,0.016237360834557044
4.0,7.0,8.0,0.13236854569954937
4.0,7.0,9.0,0.06184001787282548
4.0,8.0,9.0,0.08314230390578697
5.0,0.0,2.0,0.028311508791167977
5.0,0.0,3.0,0.09076809433824992
5.0,0.0,4.0,0.09397256460722478
5.0,0.0,5.0,0.08309175963840552
5.0,0.0,7.0,0.027866665733182562
5.0,0.0,8.0,0.11036585038322023
5.0,1.0,2.0,0.035854147880997896
5.0,1.0,3.0,0.0358748158451247
5.0,1.0,4.0,0.07248776986927268
5.0,1.0,7.0,0.17111795307499847
5.0,1.0,8.0,0.06025135415310344
5.0,1.0,9.0,0.11212020565086149
5.0,2.0,4.0,0.13835280298293737
5.0,2.0,5.0,0.04462845244952307
5.0,2.0,7.0,0.10035734389773623
5.0,2.0,8.0,0.13673855614912409
5.0,2.0,9.0,0.2029267788383099
5.0,3.0,6.0,0.05796918306876753
5.0,3.0,8.0,0.013645366887296558
5.0,3.0,9.0,0.08597126106106809
5.0,4.0,6.0,0.12268932515305153
5.0,4.0,8.0,0.12487865369863926
5.0,4.0,9.0,0.200016906220846
5.0,5.0,6.0,0.1717436476592906
5.0,5.0,7.0,0.0846686223085908
5.0,5.0,8.0,0.03445731994138411
5.0,7.0,8.0,0.21085876650984645
6.0,0.0,1.0,0.1693839079197998
6.0,0.0,2.0,0.029756263602613325
6.0,0.0,3.0,0.12749771248844113
6.0,0.0,4.0,0.04677116102722757
6.0,0.0,6.0,0.1446279165947555
6.0,1.0,4.0,0.0050651312610583595
6.0,2.0,3.0,0.16605334631063634
6.0,2.0,5.0,0.10227121100151722
6.0,2.0,8.0,0.18439580185150142
6.0,2.0,9.0,0.15850179937752779
6.0,3.0,5.0,0.0038334957647418177
6.0,3.0,6.0,0.005064044142154681
6.0,3.0,7.0,0.06607348941184055
6.0,4.0,5.0,0.026110659436778177
6.0,4.0,7.0,0.02153488277901877
6.0,4.0,8.0,0.03609384552500371
6.0,5.0,8.0,0.050053926143832195
6.0,6.0,7.0,0.011310173548395941
6.0,6.0,9.0,0.03494243852114835
6.0,7.0,8.0,0.08653913296608183
6.0,7.0,9.0,0.09545287975898234
7.0,0.0,1.0,0.1711627589618232
7.0,0.0,2.0,0.007135487306913907
7.0,0.0,3.0,0.16073656739651815
7.0,0.0,4.0,0.04341075612249321
7.0,0.0,5.0,0.025278139059209725
7.0,1.0,2.0,0.18751137450206345
7.0,1.0,3.0,0.23336645071241546
7.0,1.0,5.0,0.100130606469462
7.0,1.0,6.0,0.1292925308246382
7.0,1.0,7.0,0.1840390731560734
7.0,1.0,9.0,0.12260476160378597
7.0,2.0,5.0,0.2295435036770973
7.0,2.0,6.0,0.027936472948279292
7.0,2.0,8.0,0.05240604392723003
7.0,3.0,5.0,0.1338033698636109
7.0,3.0,6.0,0.004329351294298388
7.0,3.0,9.0,0.09193652420033216
7.0,4.0,5.0,0.21296628666614978
7.0,5.0,6.0,0.06756379599858164
7.0,5.0,7.0,0.024674219225935656
7.0,7.0,8.0,0.1274414296027229
7.0,7.0,9.0,0.0005152829683590134
7.0,8.0,9.0,0.0132075839211243
8.0,0.0,1.0,0.03204797319245625
8.0,0.0,2.0,0.07763383149871111
8.0,0.0,3.0,0.04129613296967099
8.0,0.0,4.0,0.025186893920034998
8.0,0.0,5.0,0.1188198246440815
8.0,0.0,6.0,0.061152323028832736
8.0,0.0,7.0,0.18974007141616636
8.0,1.0,2.0,0.12350938700944958
8.0,1.0,4.0,0.014093674423620396
8.0,1.0,5.0,0.047346714651421484
8.0,1.0,6.0,0.022219708900242423
8.0,1.0,7.0,0.04829422726184908
8.0,2.0,4.0,0.17030682969510527
8.0,2.0,6.0,0.03090896031610575
8.0,2.0,8.0,0.1545575332524327
8.0,2.0,9.0,0.05469878217390935
8.0,3.0,4.0,0.018729150762029977
8.0,3.0,5.0,0.0018125243508671125
8.0,3.0,9.0,0.05121856272383229
8.0,4.0,5.0,0.028534292726151142
8.0,4.0,8.0,0.06827649643021644
8.0,5.0,6.0,0.0790045575988999
8.0,5.0,9.0,0.05318457711146475
8.0,6.0,7.0,0.02138021357563321
8.0,6.0,9.0,0.128751298851397
8.0,7.0,8.0,0.1863968394130746
9.0,0.0,1.0,0.08669724770153478
9.0,0.0,2.0,0.058941182738488515
9.0,0.0,3.0,0.08202953528660147
9.0,0.0,4.0,0.03493132972590331
9.0,0.0,5.0,0.03955927783264647
9.0,0.0,6.0,0.04688967454977871
9.0,0.0,9.0,0.10001231164496556
9.0,1.0,2.0,0.027182884502980863
9.0,1.0,4.0,0.11643047571013819
9.0,1.0,6.0,0.18430566041110727
9.0,1.0,7.0,0.1063981503672567
9.0,2.0,4.0,0.033338561213763024
9.0,2.0,5.0,0.03021049932392903
9.0,2.0,6.0,0.0964481771924763
9.0,2.0,7.0,0.06075462570650645
9.0,2.0,8.0,0.04240017822019128
9.0,3.0,5.0,0.18752793396358458
9.0,3.0,6.0,0.006518199645399946
9.0,3.0,7.0,0.0026762488815012236
9.0,3.0,8.0,0.00937736772151114
9.0,3.0,9.0,0.10504586554679071
9.0,4.0,6.0,0.03452521800827883
9.0,4.0,9.0,0.10904658860661058
9.0,5.0,8.0,0.03363988504206264
9.0,5.0,9.0,0.05028804770821148
9.0,6.0,7.0,0.08460239377092911
9.0,8.0,9.0,0.15320309718438402
10.0,0.0,1.0,0.027885972632837264
10.0,0.0,2.0,0.10054596361552537
10.0,0.0,3.0,0.07693648514985238
10.0,0.0,4.0,0.14709342031685757
10.0,0.0,5.0,0.10345754524325831
10.0,0.0,7.0,0.020923721507941823
10.0,0.0,9.0,0.05893250743862157
10.0,1.0,2.0,0.0824477092446839
10.0,1.0,3.0,0.015115673287638541
10.0,1.0,4.0,0.14951460059626437
10.0,1.0,6.0,0.047708018251965564
10.0,1.0,8.0,0.20073281323720216
10.0,1.0,9.0,0.029729480791487416
10.0,2.0,4.0,0.05476896136088538
10.0,2.0,5.0,0.07576107191734077
10.0,2.0,7.0,0.036640023151176426
10.0,2.0,8.0,0.029777242650974662
10.0,3.0,6.0,0.0105774191859771
10.0,3.0,8.0,0.09438012188627606
10.0,3.0,9.0,0.036085827795010676
10.0,4.0,8.0,0.02576217308020025
10.0,4.0,9.0,0.054922521710419
10.0,5.0,6.0,0.026942035007224398
10.0,5.0,7.0,0.16474818150667117
10.0,5.0,8.0,0.035360827854722124
10.0,5.0,9.0,0.026627073379671132
10.0,6.0,7.0,0.010475550149523151
10.0,6.0,8.0,0.12187239349758192
10.0,7.0,9.0,0.07024670161618567
10.0,8.0,9.0,0.18439300160919353
11.0,0.0,1.0,0.08987653186120786
11.0,0.0,2.0,0.2244665459444004
11.0,0.0,7.0,0.12825777547537429
11.0,0.0,8.0,0.10844380062302707
11.0,0.0,9.0,0.05428088070278196
11.0,1.0,3.0,0.029105126612061136
11.0,1.0,7.0,0.05677123436790163
11.0,1.0,9.0,0.026474255099257153
11.0,2.0,3.0,0.05660458149689279
11.0,2.0,4.0,0.10035829485129816
11.0,2.0,5.0,0.04465088316785713
11.0,2.0,6.0,0.02349068363867244
11.0,3.0,4.0,0.03187631228969511
11.0,3.0,6.0,0.05945136351091717
11.0,4.0,6.0,0.04024561550738716
11.0,4.0,9.0,0.16292694775364056
11.0,5.0,9.0,0.010326951786075018
11.0,6.0,7.0,0.04973287905520835
11.0,6.0,9.0,0.047513450601750676
11.0,7.0,8.0,0.1694796799207042
11.0,8.0,9.0,0.1126612829838481
12.0,0.0,1.0,0.098789097070525
12.0,0.0,2.0,0.12454067872744357
12.0,0.0,3.0,0.17615413723749246
12.0,0.0,4.0,0.07062660139739174
12.0,0.0,6.0,0.04177031700462536
12.0,0.0,7.0,0.10997941841375827
12.0,0.0,8.0,0.2051155854708398
12.0,1.0,2.0,0.0498188082641133
12.0,1.0,6.0,0.01734175603545346
12.0,1.0,8.0,0.01531970207237585
12.0,1.0,9.0,0.10834074623940182
12.0,2.0,3.0,0.10642012005581149
12.0,2.0,6.0,0.07437380894531326
12.0,2.0,7.0,0.16457587812991034
12.0,3.0,4.0,0.037514181393262756
12.0,3.0,6.0,0.1146773004253368
12.0,3.0,7.0,0.09097998441214802
12.0,3.0,9.0,0.04098608002589639
12.0,4.0,6.0,0.053730678743914115
12.0,4.0,7.0,0.18092859108672954
12.0,4.0,8.0,0.00793995433238694
12.0,4.0,9.0,0.07475582923517143
12.0,5.0,6.0,0.07414359857130637
12.0,5.0,7.0,0.06906884827928925
12.0,5.0,8.0,0.06179537395810915
12.0,5.0,9.0,0.05200014120839215
12.0,6.0,9.0,0.09276436099771074
12.0,7.0,8.0,0.10233296992867205
12.0,8.0,9.0,0.023189803804552017
13.0,0.0,1.0,0.011325102589095852
13.0,0.0,2.0,0.17724406559766653
13.0,0.0,3.0,0.11288969323447998
13.0,0.0,5.0,0.1413644625910732
13.0,0.0,6.0,0.08869518954743276
13.0,0.0,8.0,0.06321952648891437
13.0,0.0,9.0,0.030920634977365274
13.0,1.0,2.0,0.10794182395234003
13.0,1.0,3.0,0.09749995510435988
13.0,1.0,6.0,0.0017489172454459717
13.0,1.0,9.0,0.03424499295098546
13.0,2.0,4.0,0.0365336368271338
13.0,2.0,8.0,0.11445577886216117
13.0,2.0,9.0,0.07528085570529756
13.0,3.0,5.0,0.0836003705499213
13.0,3.0,7.0,0.014515812760893337
13.0,4.0,6.0,0.051406545965098395
13.0,4.0,8.0,0.1369529409910701
13.0,4.0,9.0,0.045562673533290125
13.0,5.0,6.0,0.06413548240271025
13.0,5.0,7.0,0.044677308827591224
13.0,5.0,9.0,0.07229225090190018
14.0,0.0,1.0,0.14918837100367904
14.0,0.0,2.0,0.08137826919730089
14.0,0.0,5.0,0.016501695016294872
14.0,0.0,6.0,0.046543143212894725
14.0,0.0,7.0,0.11298153641821682
14.0,0.0,9.0,0.043888404555527186
14.0,1.0,2.0,0.13068238112606842
14.0,1.0,3.0,0.07761038305463637
14.0,1.0,4.0,0.05600906651264015
14.0,1.0,6.0,0.04619072448131353
14.0,1.0,8.0,0.06668590436718111
14.0,1.0,9.0,0.04656522653408561
14.0,2.0,5.0,0.041073342994686166
14.0,2.0,7.0,0.15224651700875877
14.0,3.0,5.0,0.1433930250661981
14.0,3.0,6.0,0.07086667211528051
14.0,4.0,5.0,0.08249261470080299
14.0,4.0,6.0,0.005423938059814353
14.0,4.0,7.0,0.014327247272033355
14.0,4.0,9.0,0.13194582729223706
14.0,6.0,7.0,0.004803384413326395
14.0,6.0,9.0,0.18185372135212421
14.0,7.0,8.0,0.023519485657043593
14.0,7.0,9.0,0.08758247324725191
14.0,8.0,9.0,0.04267688884915254
15.0,0.0,1.0,0.12398759871990064
15.0,0.0,2.0,0.14332735820434428
15.0,0.0,4.0,0.20124478384164973
15.0,0.0,6.0,0.1045544702563778
15.0,0.0,7.0,0.04874213122264423
15.0,0.0,8.0,0.11622165967143853
15.0,1.0,2.0,0.07218805923829233
15.0,1.0,4.0,0.10466295350047346
15.0,1.0,8.0,0.11079038485231225
15.0,1.0,9.0,0.05931681335786976
15.0,2.0,4.0,0.04960184010003014
15.0,2.0,5.0,0.10497144332850644
15.0,2.0,6.0,0.006618418329144667
15.0,2.0,8.0,0.04612178871318098
15.0,2.0,9.0,0.12144590732775393
15.0,3.0,4.0,0.0767867678898556
15.0,3.0,5.0,0.15222987152028822
15.0,3.0,7.0,0.04854802606553154
15.0,3.0,8.0,0.11669170093623403
15.0,4.0,5.0,0.00031072797485793766
15.0,4.0,9.0,0.04745998833329898
15.0,5.0,6.0,0.06589694745786849
15.0,5.0,9.0,0.014660849842774257
15.0,6.0,7.0,0.035892729360020886
15.0,6.0,9.0,0.11713222709660338
15.0,7.0,8.0,0.12165017072812737
15.0,7.0,9.0,0.1564656003955836
15.0,8.0,9.0,0.11515342618708564
16.0,0.0,2.0,0.06355722590195935
16.0,0.0,4.0,0.05274120251068806
16.0,0.0,5.0,0.024477389267002672
16.0,0.0,7.0,0.16335875294621996
16.0,0.0,8.0,0.1709669930292911
16.0,0.0,9.0,0.03083487833390805
16.0,1.0,2.0,0.08821454895934439
16.0,1.0,3.0,0.11199958764171071
16.0,1.0,4.0,0.162771317389774
16.0,1.0,7.0,0.10987837002456499
16.0,1.0,9.0,0.04262492578642178
16.0,2.0,3.0,0.10478580501414815
16.0,2.0,4.0,0.07896765504430513
16.0,2.0,5.0,0.030304990572500336
16.0,2.0,7.0,0.03846998091509904
16.0,2.0,8.0,0.017920087075043695
16.0,3.0,7.0,0.11351252654197616
16.0,3.0,9.0,0.1634050158975533
16.0,4.0,5.0,0.016248140543637234
16.0,4.0,7.0,0.08697554910208499
16.0,4.0,8.0,0.011630805995037874
16.0,4.0,9.0,0.06088457119527601
16.0,5.0,6.0,0.18184684467185547
16.0,5.0,7.0,0.19954247538268557
16.0,5.0,8.0,0.058957875996307876
16.0,5.0,9.0,0.010177351605260064
16.0,6.0,7.0,0.04540857255802489
16.0,6.0,8.0,0.17252251796560045
16.0,6.0,9.0,0.1173095454426496
16.0,7.0,8.0,0.06075931719991197
17.0,0.0,3.0,0.09881266978045326
17.0,0.0,4.0,0.13734262781062187
17.0,0.0,5.0,0.006354923717453678
17.0,0.0,7.0,0.08553135620079641
17.0,0.0,8.0,0.0813973631258901
17.0,1.0,3.0,0.15697227525275703
17.0,1.0,4.0,0.08959180920379525
17.0,1.0,5.0,0.041919240050854976
17.0,1.0,6.0,0.08261150175162489
17.0,1.0,9.0,0.04679106052387384
17.0,2.0,4.0,0.01651246889921157
17.0,2.0,6.0,0.10682933505385035
17.0,2.0,7.0,0.14657908034335174
17.0,2.0,9.0,0.04172404460058482
17.0,3.0,4.0,0.004536270730339503
17.0,3.0,5.0,0.08907279438330878
17.0,3.0,6.0,0.08215484113817598
17.0,3.0,8.0,0.03465289082327612
17.0,4.0,5.0,0.001590460269460893
17.0,5.0,8.0,0.09442983995241137
18.0,0.0,4.0,0.03297988530404593
18.0,0.0,5.0,0.02082712297368138
18.0,0.0,8.0,0.012744838638458097
18.0,1.0,2.0,0.02068891818459589
18.0,1.0,3.0,0.003812377828275034
18.0,1.0,4.0,0.1407026521738865
18.0,1.0,5.0,0.1590650065125196
18.0,1.0,6.0,0.14907489032528992
18.0,1.0,7.0,0.10555661638492389
18.0,1.0,9.0,0.06254953483752324
18.0,2.0,3.0,0.16340274910737074
18.0,2.0,4.0,0.2603494196093054
18.0,2.0,6.0,0.12963293215375354
18.0,2.0,7.0,0.03631071185125401
18.0,2.0,8.0,0.23328743933208546
18.0,2.0,9.0,0.11541673655316484
18.0,3.0,4.0,0.19705201787085513
18.0,3.0,5.0,0.008477216985375832
18.0,3.0,7.0,0.12956559431775183
18.0,3.0,8.0,0.04882656096570824
18.0,4.0,5.0,0.11806294938430192
18.0,4.0,7.0,0.11188512705466454
18.0,4.0,9.0,0.010318748565454797
18.0,5.0,6.0,0.05837226300858681
18.0,5.0,8.0,0.02914056169826785
18.0,5.0,9.0,0.1158746847630291
18.0,6.0,7.0,0.0386054447179335
18.0,7.0,9.0,0.04270545805987693
19.0,0.0,1.0,0.08474258545083169
19.0,0.0,2.0,0.014321747858192568
19.0,0.0,3.0,0.21255419806250536
19.0,0.0,4.0,0.05498431782713162
19.0,0.0,5.0,0.032016559656615706
19.0,0.0,8.0,0.21627298904365155
19.0,1.0,2.0,0.07160210908503858
19.0,1.0,3.0,0.10680029351173995
19.0,1.0,5.0,0.2567866359307197
19.0,1.0,6.0,0.034443316874957206
19.0,1.0,8.0,0.053104497250306776
19.0,1.0,9.0,0.18966573116466992
19.0,2.0,3.0,0.022951747916929072
19.0,2.0,4.0,0.24874605264809202
19.0,2.0,5.0,0.0003568790262769468
19.0,2.0,7.0,0.09310275038382343
19.0,2.0,8.0,0.06436946599765495
19.0,3.0,4.0,0.05584495458392966
19.0,3.0,6.0,0.0937955697277416
19.0,3.0,8.0,0.14215350547682695
19.0,3.0,9.0,0.2639875907455511
19.0,4.0,5.0,0.020921836418997645
19.0,4.0,7.0,0.03505395279968555
19.0,4.0,8.0,0.10922163419676986
19.0,5.0,7.0,0.06577687001351439
19.0,6.0,8.0,0.012588212505411093
19.0,6.0,9.0,0.026856363269083257
19.0,7.0,8.0,0.05136549071433246
19.0,8.0,9.0,0.10224073400613966
20.0,0.0,1.0,0.03482816569599839
20.0,0.0,2.0,0.04776516875301645
20.0,0.0,3.0,0.30379130901190693
20.0,0.0,5.0,0.04017118461692726
20.0,0.0,6.0,0.07315295212860534
20.0,0.0,7.0,0.02398874410402633
20.0,0.0,9.0,0.0421016992170382
20.0,1.0,3.0,0.056644343861371495
20.0,1.0,4.0,0.19007776926808354
20.0,1.0,9.0,0.04836756525358753
20.0,2.0,5.0,0.17483232620493766
20.0,2.0,6.0,0.06825051331746386
20.0,2.0,7.0,0.10477592897924037
20.0,2.0,8.0,0.10736700158797535
20.0,2.0,9.0,0.000445162052725271
20.0,3.0,5.0,0.12514039112869718
20.0,4.0,5.0,0.02848104855897321
20.0,4.0,6.0,0.04526361241487527
20.0,4.0,7.0,0.10764043452778184
20.0,4.0,9.0,0.05751529290142172
20.0,5.0,6.0,0.1674143447508191
20.0,5.0,8.0,0.0044264104853806215
20.0,6.0,8.0,0.14269967280349222
20.0,6.0,9.0,0.10170261111990343
20.0,7.0,8.0,0.16697033306911943
21.0,0.0,1.0,0.06254511452766165
21.0,0.0,2.0,0.12058807591323956
21.0,0.0,3.0,0.09145853272093707
21.0,0.0,4.0,0.03254596673182896
21.0,0.0,7.0,0.033520368202305806
21.0,0.0,8.0,0.1392759880387131
21.0,0.0,9.0,0.1032829878705095
21.0,1.0,3.0,0.09824704120500277
21.0,1.0,5.0,0.013970329298263123
21.0,1.0,7.0,0.0856712499298699
21.0,2.0,4.0,0.14708420570110292
21.0,2.0,6.0,0.043777398332393525
21.0,2.0,7.0,0.04941232624518266
21.0,2.0,8.0,0.1242238931328619
21.0,3.0,6.0,0.12874559566990923
21.0,3.0,8.0,0.024063818852284674
21.0,4.0,5.0,0.015797940923252162
21.0,4.0,6.0,0.10616551182298617
21.0,4.0,7.0,0.020513000008662418
21.0,4.0,8.0,0.20620979962635536
21.0,4.0,9.0,0.06655797892769182
21.0,5.0,8.0,0.14096257196529408
21.0,5.0,9.0,0.1344073000502918
21.0,6.0,7.0,0.11069840266886942
21.0,6.0,8.0,0.22020291451231558
21.0,6.0,9.0,0.13315243113388847
21.0,7.0,9.0,0.03906220778291317
22.0,0.0,2.0,0.09939944522242769
22.0,0.0,3.0,0.0708211025720089
22.0,0.0,4.0,0.06879832581429324
22.0,0.0,5.0,0.09561761426973914
22.0,0.0,6.0,0.09748116060945677
22.0,0.0,7.0,0.09527436074442198
22.0,0.0,8.0,0.11228210681036396
22.0,0.0,9.0,0.07091462019801256
22.0,1.0,3.0,0.09451424409273437
22.0,1.0,5.0,0.05948560516912595
22.0,1.0,7.0,0.08324284041511687
22.0,1.0,8.0,0.006582589006569788
22.0,1.0,9.0,0.11246883846115142
22.0,2.0,4.0,0.15504721814242667
22.0,2.0,5.0,0.14215737332530515
22.0,2.0,6.0,0.011072584965470086
22.0,2.0,7.0,0.0010307971290634786
22.0,2.0,8.0,0.13868925949569777
22.0,2.0,9.0,0.03983448167830778
22.0,3.0,4.0,0.18358088263024191
22.0,3.0,5.0,0.09545840704808489
22.0,3.0,7.0,0.1428066516507572
22.0,3.0,9.0,0.05741811773934291
22.0,4.0,5.0,0.11249156766373081
22.0,4.0,7.0,0.03684049843908441
22.0,4.0,9.0,0.1741244135098987
22.0,5.0,7.0,0.1009646717072395
22.0,7.0,8.0,0.004350324265989433
22.0,8.0,9.0,0.18214265307244043
23.0,0.0,1.0,0.038547082330870015
23.0,0.0,2.0,0.2651370462842263
23.0,0.0,3.0,0.3869633734137004
23.0,0.0,4.0,0.019500484895899842
23.0,1.0,2.0,0.09611778173786456
23.0,1.0,3.0,0.023591871432082415
23.0,1.0,4.0,0.021358839341087767
23.0,1.0,5.0,0.05365667137340436
23.0,1.0,6.0,0.10474958535834993
23.0,1.0,9.0,0.06157525226802461
23.0,2.0,3.0,0.19475344272756465
23.0,2.0,4.0,0.07706431845435689
23.0,2.0,7.0,0.008641979459467378
23.0,2.0,8.0,0.05713594655369979
23.0,2.0,9.0,0.22374773473055645
23.0,3.0,4.0,0.12003571607879815
23.0,3.0,6.0,0.06987120784375628
23.0,3.0,8.0,0.043458890333599426
23.0,3.0,9.0,0.029095924196010092
23.0,4.0,5.0,0.19797972621073076
23.0,4.0,7.0,0.1404184702440548
23.0,4.0,8.0,0.11943056118533296
23.0,5.0,7.0,0.14450139376497662
23.0,5.0,8.0,0.03349473436926144
23.0,6.0,8.0,0.008412834860359831
23.0,8.0,9.0,0.009619389852046589
24.0,0.0,2.0,0.07049389602481919
24.0,0.0,3.0,0.023281382484073982
24.0,0.0,5.0,0.12355328003102936
24.0,0.0,6.0,0.12248767637508962
24.0,0.0,7.0,0.07480693985220505
24.0,1.0,2.0,0.19112352262307689
24.0,1.0,3.0,0.04301373063896016
24.0,1.0,4.0,0.03209096415033065
24.0,1.0,5.0,0.06505944234382016
24.0,1.0,7.0,0.30777507207232485
24.0,1.0,8.0,0.022443840647392174
24.0,1.0,9.0,0.031371107658241214
24.0,2.0,3.0,0.09491556281217217
24.0,2.0,4.0,0.12718584137370334
24.0,2.0,5.0,0.07427537579968602
24.0,2.0,6.0,0.07398616978662075
24.0,2.0,8.0,0.03269060380683707
24.0,2.0,9.0,0.004474933966324606
24.0,3.0,4.0,0.07801831071763976
24.0,3.0,5.0,0.0916795486704752
24.0,3.0,6.0,0.03518322094541008
24.0,3.0,7.0,0.09351080944530263
24.0,3.0,8.0,0.0497112654661174
24.0,3.0,9.0,0.07238385842142789
24.0,4.0,6.0,0.07938285503429338
24.0,5.0,6.0,0.06439289250308425
24.0,5.0,7.0,0.06266979971533185
24.0,5.0,8.0,0.026659022112860357
24.0,6.0,7.0,0.025908484712410675
24.0,6.0,9.0,0.028673841519010833
24.0,7.0,9.0,0.1329709679229947
25.0,0.0,1.0,0.04732670809136974
25.0,0.0,2.0,0.04623436862573681
25.0,0.0,4.0,0.10313083870239076
25.0,0.0,7.0,0.1254730542394036
25.0,1.0,2.0,0.033191528160323024
25.0,1.0,3.0,0.0743584040446488
25.0,1.0,5.0,0.09675889110906082
25.0,1.0,6.0,0.033225303527816066
25.0,1.0,7.0,0.21482074162129622
25.0,1.0,8.0,0.14163726059008314
25.0,1.0,9.0,0.01672641869712322
25.0,2.0,3.0,0.008174831440418136
25.0,2.0,4.0,0.09798315137069497
25.0,2.0,5.0,0.06870863711438994
25.0,2.0,6.0,0.0037758653794317254
25.0,2.0,8.0,0.17198341751084373
25.0,2.0,9.0,0.07065180509471301
25.0,3.0,4.0,0.012981509499474837
25.0,3.0,7.0,0.12334447221830702
25.0,3.0,8.0,0.3186196239908805
25.0,4.0,5.0,0.10684109684515528
25.0,4.0,7.0,0.05964318703947363
25.0,5.0,6.0,0.15605048216997297
25.0,5.0,9.0,0.014622493492409468
25.0,6.0,8.0,0.15867801482015464
25.0,6.0,9.0,0.1161435540865127
25.0,7.0,8.0,0.016280378464975466
25.0,7.0,9.0,0.029373396643778766
25.0,8.0,9.0,0.0887324389403146
26.0,0.0,1.0,0.02025331136014382
26.0,0.0,6.0,0.13018973112776439
26.0,1.0,2.0,0.005056687604141574
26.0,1.0,3.0,0.13135248586649265
26.0,1.0,5.0,0.014700136879558947
26.0,1.0,6.0,0.07503679372954399
26.0,2.0,3.0,0.11916679932838478
26.0,2.0,4.0,0.18770417195877384
26.0,2.0,5.0,0.022450001434454258
26.0,2.0,7.0,0.05723468175179726
26.0,3.0,4.0,0.09639045677470319
26.0,3.0,8.0,0.08473091724877405
26.0,3.0,9.0,0.11729602632191434
26.0,4.0,5.0,0.15334412069088182
26.0,4.0,7.0,0.23755503649121404
26.0,4.0,8.0,0.04709683423502248
26.0,4.0,9.0,0.09011194566392029
26.0,5.0,8.0,0.009933384199964495
26.0,5.0,9.0,0.07180227392271966
26.0,6.0,7.0,0.159377957968035
26.0,6.0,8.0,0.03913656641263352
26.0,6.0,9.0,0.0664429607051453
26.0,7.0,8.0,0.21871880186845347
26.0,7.0,9.0,0.08733006983724872
27.0,0.0,1.0,0.11471667116755051
27.0,0.0,3.0,0.17105421386527436
27.0,0.0,5.0,0.25752886273481407
27.0,0.0,6.0,0.12470582704835402
27.0,0.0,7.0,0.054169153187853133
27.0,0.0,8.0,0.10577819117269206
27.0,1.0,2.0,0.04391231027288952
27.0,1.0,3.0,0.12244752760416239
27.0,1.0,5.0,0.04611366827113947
27.0,1.0,8.0,0.052208748154577794
27.0,2.0,4.0,0.1682860536466076
27.0,2.0,6.0,0.022780432671099995
27.0,2.0,7.0,0.0003588188979169113
27.0,2.0,8.0,0.09758461499700974
27.0,3.0,5.0,0.04842004431521761
27.0,3.0,6.0,0.009566337170665717
27.0,3.0,7.0,0.04722563225927784
27.0,4.0,5.0,0.01945115593056611
27.0,4.0,6.0,0.09459029645779282
27.0,4.0,9.0,0.23490808924915926
27.0,5.0,6.0,0.05386539971728531
27.0,5.0,7.0,0.03582660386129355
27.0,5.0,9.0,0.17457497367795322
27.0,6.0,8.0,0.02658685288057088
27.0,7.0,9.0,0.24849100471463392
28.0,0.0,1.0,0.0575760120794355
28.0,0.0,2.0,0.08930686882773357
28.0,0.0,4.0,0.021477134909850225
28.0,0.0,5.0,0.046107096917288516
28.0,0.0,6.0,0.06057858159985936
28.0,0.0,7.0,0.10691201513370457
28.0,0.0,8.0,0.10747074716554246
28.0,1.0,2.0,0.02204657013739971
28.0,1.0,3.0,0.06191321621039219
28.0,1.0,4.0,0.07876433656618607
28.0,1.0,5.0,0.128156351920863
28.0,1.0,7.0,0.07505472524195272
28.0,2.0,3.0,0.04856007887439939
28.0,2.0,6.0,0.1379465220467935
28.0,2.0,7.0,0.21457197145998128
28.0,2.0,9.0,0.06927816973309271
28.0,3.0,4.0,0.05573668659311026
28.0,3.0,5.0,0.07974761355120902
28.0,4.0,5.0,0.04203428257044833
28.0,4.0,6.0,0.01444270860676644
28.0,4.0,8.0,0.1591177854613127
28.0,4.0,9.0,0.04884964354850543
28.0,5.0,7.0,0.18583790034465703
28.0,6.0,7.0,0.05462050696255296
28.0,6.0,8.0,0.13043339574204646
28.0,7.0,9.0,0.1375720543580566
28.0,8.0,9.0,0.07422268693117941
29.0,0.0,2.0,0.31951535774685674
29.0,0.0,3.0,0.14024923437478012
29.0,0.0,6.0,0.11687345498124994
29.0,0.0,8.0,0.08282380924610165
29.0,0.0,9.0,0.14279892784579853
29.0,1.0,2.0,0.0979199963204572
29.0,1.0,3.0,0.08732876645603935
29.0,1.0,4.0,0.14962473769701956
29.0,1.0,5.0,0.014149524294027157
29.0,1.0,6.0,0.10787704259396357
29.0,1.0,8.0,0.1675426210701343
29.0,1.0,9.0,0.15775299365664516
29.0,2.0,3.0,0.11237376672405659
29.0,2.0,4.0,0.02883860602706387
29.0,2.0,5.0,0.013581163490717462
29.0,2.0,6.0,0.03927230838276655
29.0,2.0,9.0,0.07136782180420528
29.0,3.0,4.0,0.047668843168090516
29.0,3.0,5.0,0.1405665481809692
29.0,3.0,6.0,0.008741546124549566
29.0,3.0,8.0,0.06925734788585408
29.0,4.0,5.0,0.021566103744743405
29.0,4.0,7.0,0.08756939586108711
29.0,5.0,9.0,0.11618107142059296
29.0,6.0,7.0,0.06662089917678118
29.0,6.0,8.0,0.06184903384900719
29.0,6.0,9.0,0.02731679834334271
29.0,7.0,8.0,0.07932407244347171
29.0,8.0,9.0,0.011664976576662722
30.0,0.0,2.0,0.14408484792000326
30.0,0.0,5.0,0.004229831638022409
30.0,0.0,6.0,0.024729929026790783
30.0,0.0,9.0,0.07942887613497299
30.0,1.0,2.0,0.028638621766517644
30.0,1.0,4.0,0.026727576254298818
30.0,1.0,5.0,0.03298184061024029
30.0,1.0,6.0,0.08277745621999183
30.0,1.0,7.0,0.16511549226217115
30.0,1.0,8.0,0.035620535477738705
30.0,1.0,9.0,0.03275395548782002
30.0,2.0,3.0,0.03411588656613637
30.0,2.0,4.0,0.2480047375352338
30.0,2.0,5.0,0.08882981264764686
30.0,2.0,7.0,0.055159423126302454
30.0,3.0,5.0,0.07088066794502237
30.0,3.0,6.0,0.15099036584594047
30.0,3.0,7.0,0.10527799899832796
30.0,3.0,8.0,0.07697094635881337
30.0,4.0,8.0,0.061078783418103515
30.0,4.0,9.0,0.057054915064873715
30.0,5.0,6.0,0.14265357091094658
30.0,6.0,7.0,0.14679060422160417
30.0,7.0,9.0,0.007419211306601416
30.0,8.0,9.0,0.15994932609766216
31.0,0.0,1.0,0.11587666359387067
31.0,0.0,3.0,0.0922979456585131
31.0,0.0,5.0,0.01071835909394173
31.0,0.0,7.0,0.13952183678509303
31.0,0.0,8.0,0.18404980319737285
31.0,1.0,2.0,0.028761202508684122
31.0,1.0,5.0,0.15416075276488792
31.0,1.0,7.0,0.12134997956592064
31.0,1.0,8.0,0.1160739009965489
31.0,1.0,9.0,0.026049876095206086
31.0,2.0,4.0,0.1005762949568437
31.0,2.0,5.0,0.013675924967734832
31.0,2.0,8.0,0.15479958881151207
31.0,3.0,4.0,0.062163840485360236
31.0,3.0,5.0,0.03186967692802119
31.0,3.0,7.0,0.044990049322354536
31.0,3.0,8.0,0.1300795583179747
31.0,3.0,9.0,0.006759382092839361
31.0,4.0,6.0,0.07852124565252014
31.0,4.0,7.0,0.10530920720480598
31.0,4.0,9.0,0.12584412150342764
31.0,5.0,8.0,0.000295396087072854
31.0,5.0,9.0,0.035547766440896106
31.0,6.0,7.0,0.07772348451144709
31.0,6.0,9.0,0.00032215408093982066
31.0,7.0,8.0,0.06397286840257628
31.0,8.0,9.0,0.15225684540616302
32.0,0.0,1.0,0.10600993862015559
32.0,0.0,2.0,0.05217595746226964
32.0,0.0,3.0,0.1295136532286859
32.0,0.0,5.0,0.0006171758996174545
32.0,0.0,6.0,0.01861259719737151
32.0,0.0,7.0,0.17269077698335258
32.0,1.0,2.0,0.2425465187331252
32.0,1.0,3.0,0.18646061664059976
32.0,1.0,6.0,0.11139038373443065
32.0,1.0,7.0,0.024868452338153026
32.0,2.0,3.0,0.057468371130937806
32.0,2.0,5.0,0.08561752048742904
32.0,2.0,7.0,0.07691624776987077
32.0,2.0,8.0,0.015384399463408898
32.0,3.0,4.0,0.051080335059946774
32.0,3.0,5.0,0.07466723777591493
32.0,3.0,6.0,0.06629636993353646
32.0,3.0,8.0,0.05269645641206337
32.0,3.0,9.0,0.0998364641265447
32.0,4.0,6.0,0.028527265864635956
32.0,4.0,7.0,0.009908531949140936
32.0,4.0,8.0,0.019787418945005592
32.0,5.0,9.0,0.2025846249464735
32.0,6.0,8.0,0.11729378033270203
33.0,0.0,1.0,0.147582869086757
33.0,0.0,3.0,0.0890670332578438
33.0,0.0,5.0,0.014680507715467642
33.0,0.0,6.0,0.032751946175512504
33.0,0.0,7.0,0.16100029335535504
33.0,0.0,8.0,0.09021437618539517
33.0,0.0,9.0,0.1094906840896652
33.0,1.0,3.0,0.008202557035065883
33.0,1.0,4.0,0.44578569561817516
33.0,1.0,5.0,0.11594277114379306
33.0,1.0,7.0,0.17428833600053173
33.0,2.0,3.0,0.1072295718143446
33.0,2.0,8.0,0.19191158633821648
33.0,2.0,9.0,0.04656250397233806
33.0,3.0,5.0,0.11846861602884025
33.0,3.0,9.0,0.08286960120025859
33.0,4.0,5.0,0.054814541235076536
33.0,4.0,7.0,7.207821198826694e-05
33.0,4.0,8.0,0.12108345481264068
33.0,5.0,7.0,0.04927760175599914
33.0,5.0,9.0,0.13753661057294528
33.0,6.0,9.0,0.09523402331402116
33.0,7.0,9.0,0.0905577266058962
34.0,0.0,1.0,0.06768944100112433
34.0,0.0,3.0,0.22287881128532283
34.0,0.0,4.0,0.05230058049576083
34.0,0.0,5.0,0.04343621993178717
34.0,0.0,7.0,0.11019533581975718
34.0,0.0,9.0,0.12123073190670473
34.0,1.0,2.0,0.16195739604172207
34.0,1.0,3.0,0.12071286623458
34.0,1.0,5.0,0.0659067319489596
34.0,1.0,6.0,0.05801835508016745
34.0,1.0,7.0,0.20153278392667853
34.0,1.0,8.0,0.18335102442460383
34.0,1.0,9.0,0.14449363252851066
34.0,2.0,3.0,0.07610399114603895
34.0,2.0,5.0,0.14157337047075377
34.0,2.0,6.0,0.045777948313708336
34.0,2.0,7.0,0.12932366601609396
34.0,2.0,9.0,0.07522323738601173
34.0,3.0,4.0,0.011413897517084656
34.0,3.0,6.0,0.14907150051719495
34.0,3.0,7.0,0.15132128257081717
34.0,3.0,8.0,0.103646835815111
34.0,4.0,5.0,0.18182976887542307
34.0,5.0,7.0,0.08552911387342822
34.0,5.0,8.0,0.04056803361733038
34.0,6.0,7.0,0.10497246623628065
34.0,6.0,8.0,0.06129251889460148
34.0,6.0,9.0,0.016475714478901615
34.0,7.0,8.0,0.03294001763615868
34.0,7.0,9.0,0.0996288580104655
34.0,8.0,9.0,0.07833295752523606
35.0,0.0,1.0,0.08276789388981091
35.0,0.0,2.0,0.028234495989982393
35.0,0.0,3.0,0.03187986838038215
35.0,0.0,4.0,0.042992130928001464
35.0,0.0,7.0,0.03534479575022757
35.0,0.0,8.0,0.0025198242299062784
35.0,0.0,9.0,0.020596347615353762
35.0,1.0,5.0,0.16181061261085103
35.0,1.0,6.0,0.22161399336623885
35.0,1.0,7.0,0.03353951031632745
35.0,1.0,8.0,0.07693850012482167
35.0,1.0,9.0,0.0072070804843572
35.0,2.0,3.0,0.13469336462556647
35.0,2.0,5.0,0.13159766514596682
35.0,2.0,6.0,0.01517974587648406
35.0,2.0,8.0,0.14133032937181222
35.0,2.0,9.0,0.12504671809309262
35.0,3.0,4.0,0.12602882176774133
35.0,3.0,6.0,0.24172814354357858
35.0,3.0,7.0,0.06115934716622968
35.0,3.0,8.0,0.3182296339478281
35.0,3.0,9.0,0.07131998185962349
35.0,4.0,5.0,0.053348310866084846
35.0,4.0,6.0,0.04773486480278209
35.0,4.0,7.0,0.22004979891278562
35.0,4.0,8.0,0.14603573285013355
35.0,5.0,8.0,0.025518243851125406
35.0,6.0,8.0,0.14074443435364828
35.0,6.0,9.0,0.10995628018711079
35.0,7.0,8.0,0.06704362160131326
36.0,0.0,1.0,0.07776665847864131
36.0,0.0,3.0,0.22865034112085714
36.0,0.0,6.0,0.004293547841285349
36.0,0.0,7.0,0.01157342489194093
36.0,1.0,2.0,0.047221208413209086
36.0,1.0,6.0,0.1589617361019244
36.0,1.0,7.0,0.05169233915911897
36.0,1.0,8.0,0.005234242575719767
36.0,1.0,9.0,0.156011756420642
36.0,2.0,7.0,0.05136275289020123
36.0,3.0,5.0,0.0036821917527634085
36.0,3.0,6.0,0.08349036706118977
36.0,3.0,7.0,0.1344895119305425
36.0,3.0,8.0,0.10091962818300593
36.0,3.0,9.0,0.1592292771434155
36.0,4.0,5.0,0.22842876537826493
36.0,4.0,6.0,0.06911898222261968
36.0,4.0,7.0,0.038608643533462925
36.0,4.0,9.0,0.03000957796170358
36.0,5.0,7.0,0.03724419652323219
36.0,6.0,7.0,0.07567632121892069
36.0,6.0,8.0,0.05816410503148143
36.0,6.0,9.0,0.08849214029436968
36.0,7.0,9.0,0.18936279838871983
36.0,8.0,9.0,0.1342041788724776
37.0,0.0,1.0,0.11809418946249747
37.0,0.0,2.0,0.21276401883377455
37.0,0.0,3.0,0.029622040836058787
37.0,0.0,4.0,0.12083019531968855
37.0,0.0,5.0,0.04977618150014021
37.0,0.0,7.0,0.24953816115465116
37.0,0.0,8.0,0.02527452570632909
37.0,1.0,2.0,0.05634836262082905
37.0,1.0,3.0,0.08363289058521868
37.0,1.0,5.0,0.048315446981728
37.0,1.0,8.0,0.042056646319278246
37.0,2.0,3.0,0.0061678912091605725
37.0,2.0,5.0,0.0959403349728512
37.0,2.0,6.0,0.008424206974673061
37.0,2.0,8.0,0.11929648913235395
37.0,3.0,4.0,0.010807998429929836
37.0,3.0,5.0,0.1795453960549851
37.0,3.0,6.0,0.0061589484055945744
37.0,3.0,8.0,0.044931974232147495
37.0,3.0,9.0,0.0018279261410275704
37.0,4.0,6.0,0.11463704090870713
37.0,4.0,7.0,0.08137261160029596
37.0,4.0,9.0,0.013857239498222717
37.0,5.0,6.0,0.03648836592780486
37.0,5.0,7.0,0.07035929327027701
37.0,6.0,7.0,0.10799854330843027
37.0,6.0,9.0,0.011055939287345634
37.0,7.0,8.0,0.046513162368584646
38.0,0.0,1.0,0.06893304841814689
38.0,0.0,2.0,0.08991890482786559
38.0,0.0,3.0,0.015586320104504635
38.0,0.0,5.0,0.14382794010970523
38.0,0.0,6.0,0.004445955847146878
38.0,0.0,7.0,0.09677836521661395
38.0,0.0,8.0,0.10114273489192496
38.0,0.0,9.0,0.04873563510879303
38.0,1.0,2.0,0.048741582063971584
38.0,1.0,3.0,0.02720765030271825
38.0,1.0,4.0,0.022284933301051503
38.0,1.0,5.0,0.051519175160673274
38.0,1.0,6.0,0.03883675614795994
38.0,1.0,8.0,0.17987303931571152
38.0,1.0,9.0,0.07428676357589123
38.0,2.0,3.0,0.13361482147185538
38.0,2.0,4.0,0.059372747976637885
38.0,2.0,5.0,0.01902265715611373
38.0,2.0,6.0,0.23174280493757357
38.0,2.0,7.0,0.09885803963097892
38.0,2.0,9.0,0.02213096538564353
38.0,3.0,5.0,0.10047511281605012
38.0,3.0,6.0,0.017320326551963777
38.0,3.0,7.0,0.13635121959518373
38.0,3.0,8.0,0.21444189695315866
38.0,3.0,9.0,0.11715233855252233
38.0,4.0,5.0,0.0850084681614188
38.0,4.0,8.0,0.2470594357607784
38.0,4.0,9.0,0.10262462243871243
38.0,5.0,7.0,0.12259603946523906
38.0,5.0,8.0,0.15181269305788778
38.0,6.0,7.0,0.03990579214707149
38.0,6.0,9.0,0.06649788014465806
38.0,7.0,9.0,0.06370770159043143
39.0,0.0,1.0,0.11660152294558207
39.0,0.0,2.0,0.05394786512622453
39.0,0.0,3.0,0.06758950601389964
39.0,0.0,4.0,0.23048442969610683
39.0,0.0,5.0,0.157749670269502
39.0,0.0,7.0,0.14170413423227862
39.0,0.0,8.0,0.11917637506045188
39.0,1.0,2.0,0.029783590753928925
39.0,1.0,4.0,0.09793060893325538
39.0,1.0,7.0,0.11705061511298043
39.0,1.0,8.0,0.08417453747517763
39.0,1.0,9.0,0.09695979246526662
39.0,2.0,3.0,0.07404497550756127
39.0,2.0,4.0,0.1128494481536218
39.0,2.0,6.0,0.010334752892956761
39.0,2.0,7.0,0.13491637352442
39.0,2.0,8.0,0.09055019920483692
39.0,2.0,9.0,0.13062708946039078
39.0,3.0,4.0,0.04836773217459843
39.0,3.0,7.0,0.11645937907448112
39.0,3.0,8.0,0.007769724600617088
39.0,3.0,9.0,0.077538023269677
39.0,4.0,5.0,0.09149784193700478
39.0,4.0,6.0,0.024494935143583148
39.0,4.0,9.0,0.0062967299521621235
39.0,5.0,7.0,0.01337348394873447
39.0,5.0,8.0,0.06345769268350758
39.0,6.0,7.0,0.06581576615247557
39.0,6.0,9.0,0.12477943005497268
39.0,7.0,8.0,0.07125444678569727
39.0,8.0,9.0,0.049497026206942234
40.0,0.0,1.0,0.1063543336127768
40.0,0.0,2.0,0.008171542558070795
40.0,0.0,4.0,0.14826458784378954
40.0,0.0,5.0,0.036118705474672635
40.0,0.0,6.0,0.1972727532022328
40.0,0.0,7.0,0.033457516939254625
40.0,1.0,2.0,0.15037280429632796
40.0,1.0,5.0,0.15427287185920308
40.0,1.0,6.0,0.07165225602525441
40.0,1.0,8.0,0.20002004529674777
40.0,2.0,3.0,0.20402688462839474
40.0,2.0,4.0,0.07320377695988378
40.0,2.0,5.0,0.017773603325379098
40.0,2.0,6.0,0.04613416492640663
40.0,2.0,8.0,0.0924778389858559
40.0,2.0,9.0,0.08354461282248339
40.0,3.0,4.0,0.1269655489148269
40.0,3.0,5.0,0.13207450863965559
40.0,3.0,6.0,0.15169072619134827
40.0,3.0,8.0,0.05512603027243222
40.0,4.0,6.0,0.012041058543845289
40.0,4.0,8.0,0.10157759601128466
40.0,4.0,9.0,0.022664262699736565
40.0,5.0,6.0,0.13511680363009237
40.0,5.0,8.0,0.009703542320324198
40.0,5.0,9.0,0.010406273247589321
40.0,6.0,7.0,0.18617066915219765
40.0,6.0,8.0,0.11248347894753412
40.0,6.0,9.0,0.11244228159878417
40.0,7.0,9.0,0.04815204040791844
40.0,8.0,9.0,0.11836361566919752
41.0,0.0,1.0,0.07678106645310889
41.0,0.0,2.0,0.1029752742357661
41.0,0.0,3.0,0.10700674408922911
41.0,0.0,5.0,0.03388351553396789
41.0,0.0,6.0,0.028830539974260952
41.0,1.0,3.0,0.06346969627404711
41.0,1.0,5.0,0.11393567806592976
41.0,1.0,6.0,0.144338563115514
41.0,2.0,4.0,0.00918406586324996
41.0,2.0,6.0,0.08613353096985657
41.0,2.0,9.0,0.0463211162516869
41.0,3.0,4.0,0.02503575754897383
41.0,3.0,5.0,0.0992024150643861
41.0,3.0,6.0,0.0641271461430096
41.0,3.0,7.0,0.10028085068781245
41.0,3.0,8.0,0.025341671569235866
41.0,3.0,9.0,0.2165321952983848
41.0,4.0,5.0,0.02932018748706504
41.0,4.0,6.0,0.08512353845537965
41.0,4.0,8.0,0.03401440428527379
41.0,5.0,7.0,0.02918208514864929
41.0,5.0,9.0,0.14051322101348718
41.0,6.0,7.0,0.0500961375767143
42.0,0.0,1.0,0.10763753659651115
42.0,0.0,2.0,0.09829446924880988
42.0,0.0,6.0,0.033543857919606956
42.0,0.0,8.0,0.03580811374614572
42.0,0.0,9.0,0.16511652508629326
42.0,1.0,4.0,0.030148019508141832
42.0,1.0,5.0,0.07410609352937059
42.0,1.0,7.0,0.006083445329263491
42.0,1.0,8.0,0.1680946696587628
42.0,1.0,9.0,0.14045238539439442
42.0,2.0,3.0,0.0989266896093755
42.0,2.0,4.0,0.08915494905050952
42.0,2.0,5.0,0.06793560621314329
42.0,3.0,4.0,0.01761204286575552
42.0,3.0,6.0,0.027639978499607164
42.0,3.0,7.0,0.12795388913206357
42.0,3.0,9.0,0.034808168037714214
42.0,4.0,7.0,0.03278801038691751
42.0,4.0,8.0,0.1964617234255697
42.0,5.0,7.0,0.14324852535579857
42.0,5.0,8.0,0.04229734164722308
42.0,5.0,9.0,0.06987299844167462
42.0,6.0,9.0,0.011704573151094837
42.0,7.0,8.0,0.16331818757575045
42.0,8.0,9.0,0.15070188307723903
43.0,0.0,1.0,0.027618556757082448
43.0,0.0,2.0,0.06986382841243677
43.0,0.0,3.0,0.18490023272263556
43.0,0.0,4.0,0.09043247474288615
43.0,0.0,5.0,0.010344462040466816
43.0,0.0,7.0,0.07931420161729152
43.0,0.0,8.0,3.8985588103983976e-05
43.0,0.0,9.0,0.08225689196821918
43.0,1.0,3.0,0.04556929127727173
43.0,1.0,6.0,0.0872216721420555
43.0,1.0,7.0,0.11104940025006269
43.0,1.0,8.0,0.09011741128606979
43.0,1.0,9.0,0.24666078947233155
43.0,2.0,3.0,0.13272825592987297
43.0,2.0,5.0,0.02187337237048528
43.0,2.0,8.0,0.16503608989571275
43.0,2.0,9.0,0.07506083958549196
43.0,3.0,7.0,0.12265906250207048
43.0,3.0,8.0,0.011358281984015704
43.0,4.0,6.0,0.1718458244647824
43.0,4.0,7.0,0.12761940792048337
43.0,4.0,8.0,0.16524762840225057
43.0,5.0,6.0,0.29964668279750145
43.0,5.0,8.0,0.2118768160172672
43.0,6.0,7.0,0.052893246563986425
43.0,7.0,9.0,0.03469618969952265
44.0,0.0,4.0,0.06358886007533053
44.0,0.0,5.0,0.10070877170808143
44.0,0.0,6.0,0.17455602645886237
44.0,0.0,7.0,0.11257655815258188
44.0,0.0,9.0,0.07629881626022074
44.0,1.0,2.0,0.10766735006316791
44.0,1.0,4.0,0.07480478937495688
44.0,1.0,6.0,0.06578172414981812
44.0,1.0,7.0,0.12451136875973828
44.0,1.0,8.0,0.01444304340684761
44.0,1.0,9.0,0.1638927380972483
44.0,2.0,3.0,0.10733667422083103
44.0,2.0,4.0,0.030928514568764987
44.0,2.0,5.0,0.09339909619329562
44.0,2.0,7.0,0.0219795139454561
44.0,2.0,8.0,0.020417525937241235
44.0,3.0,7.0,0.1333014201429033
44.0,3.0,8.0,0.10782658725416557
44.0,3.0,9.0,0.11707902449710406
44.0,4.0,5.0,0.03515750121344147
44.0,4.0,6.0,0.005004026984520767
44.0,4.0,8.0,0.08753886424101087
44.0,4.0,9.0,0.02469591194317778
44.0,5.0,7.0,0.17181832144707557
44.0,5.0,8.0,0.137414079820612
44.0,5.0,9.0,0.06343673493071895
44.0,6.0,7.0,0.1757150547772371
44.0,7.0,9.0,0.05427185709148059
44.0,8.0,9.0,0.09462173448014391
45.0,0.0,1.0,0.05461435224756118
45.0,0.0,2.0,0.0954592309110528
45.0,0.0,3.0,0.05010656725867427
45.0,0.0,5.0,0.038103199283379276
45.0,0.0,6.0,0.07435294844742057
45.0,0.0,8.0,0.012535004233029754
45.0,0.0,9.0,0.06583923122379423
45.0,1.0,2.0,0.060014104494930776
45.0,1.0,3.0,0.06003447829615963
45.0,1.0,4.0,0.10105407792199785
45.0,1.0,6.0,0.043366710193693106
45.0,2.0,4.0,0.13877740895848006
45.0,2.0,5.0,0.10692986854972092
45.0,2.0,6.0,0.14342019621093163
45.0,2.0,7.0,0.024472237764894274
45.0,2.0,8.0,0.0029473537274148746
45.0,3.0,4.0,0.0551601051712014
45.0,3.0,6.0,0.13138544969119897
45.0,3.0,7.0,0.08227605088879028
45.0,4.0,5.0,0.04121872042628104
45.0,4.0,8.0,0.17141866370189246
45.0,5.0,6.0,0.07436537000138568
45.0,5.0,7.0,0.011315634439329645
45.0,5.0,9.0,0.0823928297351616
45.0,6.0,7.0,0.019232564193024517
45.0,6.0,9.0,0.035659504641876894
45.0,8.0,9.0,0.15991731666955483
46.0,0.0,6.0,0.09795875528089759
46.0,0.0,7.0,0.14852838953537403
46.0,0.0,8.0,0.0045501709972739605
46.0,0.0,9.0,0.0481528287056861
46.0,1.0,2.0,0.26805412697608333
46.0,1.0,4.0,0.034484166293870466
46.0,1.0,5.0,0.1301802032254074
46.0,1.0,6.0,0.13378410276395442
46.0,1.0,7.0,0.03718691703104187
46.0,1.0,8.0,0.10735364325370002
46.0,2.0,4.0,0.08178213201097242
46.0,2.0,7.0,0.08565167650112357
46.0,2.0,8.0,0.0874583760549312
46.0,2.0,9.0,0.0277521109087857
46.0,3.0,5.0,0.09176182451186904
46.0,3.0,6.0,0.016795332512590987
46.0,3.0,8.0,0.2686212372155217
46.0,4.0,9.0,0.0801492147061343
46.0,5.0,8.0,0.042654661928473295
46.0,5.0,9.0,0.03441397417517125
46.0,6.0,8.0,0.028768696447778117
46.0,6.0,9.0,0.1955739428969011
46.0,7.0,8.0,0.010870309886463505
47.0,0.0,4.0,0.1952860251053209
47.0,0.0,5.0,0.03822953667712438
47.0,0.0,6.0,0.0329464526164481
47.0,0.0,7.0,0.20556388728046746
47.0,0.0,8.0,0.06075520386140566
47.0,0.0,9.0,0.030129660978696075
47.0,1.0,2.0,0.1328443854597031
47.0,1.0,6.0,0.01451692462201792
47.0,1.0,8.0,0.08637794463270844
47.0,1.0,9.0,0.1940817775875699
47.0,2.0,3.0,0.0992567868685476
47.0,2.0,8.0,0.054889230752941984
47.0,2.0,9.0,0.11645283317771868
47.0,3.0,4.0,0.0013357541389499884
47.0,3.0,6.0,0.03159809913139921
47.0,3.0,7.0,0.16046578405788733
47.0,3.0,9.0,0.026804867965051354
47.0,4.0,7.0,0.06638183553096962
47.0,6.0,8.0,0.031134668360327744
47.0,6.0,9.0,0.10740003547835633
47.0,7.0,8.0,0.005467685635175643
47.0,7.0,9.0,0.058001881359824835
47.0,8.0,9.0,0.0789001875243799
48.0,0.0,1.0,0.032710641623283555
48.0,0.0,3.0,0.1782621706763815
48.0,0.0,4.0,0.1302219615246425
48.0,0.0,5.0,0.05567016040828966
48.0,0.0,7.0,0.04863289396954369
48.0,0.0,8.0,0.11850234962566117
48.0,1.0,3.0,0.06915845129361824
48.0,1.0,4.0,0.2052218792044415
48.0,1.0,5.0,0.062111712161260366
48.0,1.0,8.0,0.09855264148776553
48.0,2.0,3.0,0.16006173157335948
48.0,2.0,4.0,0.043090335100749
48.0,2.0,6.0,0.20311736243255618
48.0,2.0,7.0,0.005347044043499805
48.0,2.0,8.0,0.07978707777816423
48.0,2.0,9.0,0.09697894776160734
48.0,3.0,4.0,0.11999530415061642
48.0,3.0,5.0,0.16939951061271152
48.0,3.0,6.0,0.13122951365302812
48.0,3.0,7.0,0.14007537484487728
48.0,3.0,8.0,0.09677476075864358
48.0,3.0,9.0,0.03024760297246812
48.0,4.0,5.0,0.19955269572189008
48.0,4.0,6.0,0.05596899483423798
48.0,4.0,7.0,0.04080646282555286
48.0,4.0,8.0,0.18141500567001764
48.0,5.0,7.0,0.030133576382579956
48.0,6.0,7.0,0.03198800221890018
48.0,6.0,8.0,0.17251441588190455
48.0,6.0,9.0,0.005091208699157128
48.0,7.0,8.0,0.0937354423301088
49.0,0.0,2.0,0.1537580596962156
49.0,0.0,3.0,0.23834673026526132
49.0,0.0,4.0,0.028830560714061967
49.0,0.0,5.0,0.2431527085399191
49.0,0.0,8.0,0.0171491563492319
49.0,0.0,9.0,0.05624780666986848
49.0,1.0,2.0,0.16532246432745035
49.0,1.0,3.0,0.22003851972496707
49.0,1.0,4.0,0.024613743027859472
49.0,1.0,5.0,0.23885091609914436
49.0,1.0,6.0,0.05859122706718485
49.0,2.0,5.0,0.0995792307813503
49.0,2.0,6.0,0.03861653051772798
49.0,2.0,8.0,0.00753812446614039
49.0,2.0,9.0,0.076340545972133
49.0,3.0,7.0,0.05641659793441823
49.0,3.0,8.0,0.20862654031157143
49.0,3.0,9.0,0.09097887090730888
49.0,4.0,6.0,0.06664342628353308
49.0,4.0,7.0,0.015178029540071924
49.0,4.0,8.0,0.058411496673584085
49.0,4.0,9.0,0.00612761302610145
49.0,5.0,7.0,0.03099320407371981
49.0,5.0,8.0,0.16969851720790763
49.0,6.0,9.0,0.044736574716696634
49.0,7.0,8.0,0.0900170921751495
49.0,7.0,9.0,0.01963363716793198
49.0,8.0,9.0,0.022259404853647725
50.0,0.0,1.0,0.1440528729949359
50.0,0.0,2.0,0.03824844242873201
50.0,0.0,3.0,0.13688000942949424
50.0,0.0,4.0,0.07853296526101605
50.0,0.0,6.0,0.17860745976981174
50.0,0.0,7.0,0.09463824822867783
50.0,1.0,2.0,0.03703028401272557
50.0,1.0,3.0,0.07728448401054307
50.0,1.0,4.0,0.14417468750651954
50.0,1.0,5.0,0.04717780479937378
50.0,1.0,6.0,0.019033652882051708
50.0,1.0,7.0,0.05740086059135144
50.0,1.0,8.0,0.1285137970705322
50.0,1.0,9.0,0.1658738043355571
50.0,2.0,3.0,0.1784060372921571
50.0,2.0,4.0,0.00477426429937404
50.0,2.0,5.0,0.11739961403292491
50.0,2.0,7.0,0.126746022452632
50.0,2.0,8.0,0.04490336894758308
50.0,2.0,9.0,0.18604778593948537
50.0,3.0,5.0,0.10006349085710126
50.0,3.0,6.0,0.1154224378793027
50.0,3.0,7.0,0.0493213721471072
50.0,3.0,8.0,0.03210004946152555
50.0,4.0,5.0,0.12059392797575702
50.0,4.0,6.0,0.045293291035755766
50.0,6.0,9.0,0.1762224151285466
50.0,7.0,8.0,0.1924943372766976
50.0,8.0,9.0,0.006602396680627275
51.0,0.0,1.0,0.00557056978670277
51.0,0.0,2.0,0.001865000157217099
51.0,0.0,4.0,0.056395379829488744
51.0,0.0,8.0,0.052847280143882625
51.0,0.0,9.0,0.06616392135426272
51.0,1.0,3.0,0.010635773379725263
51.0,1.0,4.0,0.020383647311555994
51.0,1.0,5.0,0.12141413711928503
51.0,1.0,9.0,0.059686061828562564
51.0,2.0,4.0,0.07284124738696149
51.0,2.0,6.0,0.05008268267546
51.0,2.0,7.0,0.19383243198508165
51.0,2.0,8.0,0.09774669329350584
51.0,2.0,9.0,0.010232862649868495
51.0,3.0,4.0,0.06829166973065758
51.0,3.0,9.0,0.11114284806076424
51.0,4.0,5.0,0.07850330358610999
51.0,4.0,6.0,0.01360105645654826
51.0,4.0,7.0,0.0005765540121502478
51.0,4.0,9.0,0.08846777277801389
51.0,5.0,6.0,0.18775334760919637
51.0,5.0,7.0,0.0465018518928926
51.0,6.0,7.0,0.04171558085428019
51.0,7.0,8.0,0.041681898895649654
51.0,7.0,9.0,0.0018698644448462143
52.0,0.0,1.0,0.011176925720739223
52.0,0.0,2.0,0.04116799507193662
52.0,0.0,3.0,0.19930177572184943
52.0,0.0,5.0,0.0435228642296421
52.0,0.0,6.0,0.1873780294786856
52.0,0.0,8.0,0.03767580443584969
52.0,1.0,2.0,0.012094939763004846
52.0,1.0,5.0,0.13467600413983727
52.0,1.0,7.0,0.12310639079043831
52.0,1.0,9.0,0.00726651359525772
52.0,2.0,4.0,0.013273304961563098
52.0,2.0,7.0,0.020731359980479484
52.0,2.0,8.0,0.015574536973874618
52.0,3.0,8.0,0.07025471830258656
52.0,4.0,5.0,0.20628439549744954
52.0,4.0,6.0,0.03105575525324676
52.0,5.0,7.0,0.15444562094237715
52.0,5.0,9.0,0.17791510360338744
52.0,6.0,7.0,0.15064596356242743
52.0,6.0,9.0,0.1352068371789679
52.0,7.0,8.0,0.07582089957465213
52.0,8.0,9.0,0.07616982204656017
53.0,0.0,1.0,0.18433116835594238
53.0,0.0,2.0,0.26277518496608443
53.0,0.0,3.0,0.16189671250808274
53.0,0.0,6.0,0.09905392518980893
53.0,0.0,7.0,0.03648500293460745
53.0,1.0,2.0,0.13706111779836508
53.0,1.0,3.0,0.0846821234277248
53.0,1.0,6.0,0.05380013704395666
53.0,1.0,7.0,0.043327456683279
53.0,1.0,8.0,0.10707666161636759
53.0,2.0,3.0,0.0463688855107565
53.0,2.0,5.0,0.02000716135494726
53.0,3.0,4.0,0.11115223987960465
53.0,3.0,5.0,0.003721175197450695
53.0,3.0,7.0,0.02582603512565189
53.0,3.0,8.0,0.08222434466361862
53.0,3.0,9.0,0.2094774014339413
53.0,4.0,6.0,0.021315118370068976
53.0,5.0,7.0,0.15900486757923235
53.0,5.0,9.0,0.006892225205706079
53.0,6.0,7.0,0.08323275759378408
53.0,6.0,8.0,0.016738358106014345
53.0,6.0,9.0,0.1667694945574696
54.0,0.0,1.0,0.16442237737062185
54.0,0.0,2.0,0.0015481327016992757
54.0,0.0,3.0,0.09546799048799645
54.0,0.0,4.0,0.3940107383708732
54.0,0.0,5.0,0.027558742382165817
54.0,0.0,6.0,0.07394603112370757
54.0,0.0,7.0,0.03548555721791194
54.0,0.0,8.0,0.04174057414738619
54.0,0.0,9.0,0.010742375322734948
54.0,1.0,2.0,0.12501846289472276
54.0,1.0,5.0,0.08597664527207814
54.0,1.0,8.0,0.13011051193820572
54.0,1.0,9.0,0.08508534449208503
54.0,2.0,3.0,0.034225216105602606
54.0,2.0,4.0,0.20679285264404643
54.0,2.0,5.0,0.09148294061355391
54.0,2.0,7.0,0.0024206159885123806
54.0,2.0,8.0,0.0022661239006772325
54.0,3.0,4.0,0.10349492919106565
54.0,3.0,7.0,0.17876220542039778
54.0,4.0,5.0,0.015840794991492758
54.0,4.0,9.0,0.15533105372902709
54.0,5.0,6.0,0.06975828558374661
55.0,0.0,1.0,0.17402606229112713
55.0,0.0,3.0,0.032465932869050404
55.0,0.0,4.0,0.016014225703564068
55.0,0.0,5.0,0.0932156944169017
55.0,0.0,9.0,0.03770508470640865
55.0,1.0,2.0,0.10644646119800358
55.0,1.0,3.0,0.023845989766269976
55.0,1.0,4.0,0.023305017861585647
55.0,1.0,6.0,0.0020402188961924778
55.0,1.0,9.0,0.0008096461666418954
55.0,2.0,4.0,0.078268809858585
55.0,2.0,5.0,0.049893086874837116
55.0,2.0,6.0,0.051728015066566796
55.0,2.0,7.0,0.13099447719790394
55.0,3.0,4.0,0.034728247207992946
55.0,3.0,5.0,0.034107226081907555
55.0,3.0,6.0,0.15108727718197473
55.0,3.0,8.0,0.03393576673349543
55.0,3.0,9.0,0.06060409229442601
55.0,4.0,5.0,0.0311484614195739
55.0,4.0,6.0,0.026801665008475
55.0,4.0,8.0,0.10449725170712354
55.0,4.0,9.0,0.1349128469019057
55.0,5.0,7.0,0.12849361242584553
55.0,7.0,8.0,0.12515739036803827
55.0,7.0,9.0,0.01839833023229842
55.0,8.0,9.0,0.011300351656556315
56.0,0.0,1.0,0.3026915510516026
56.0,0.0,2.0,0.041057619741688395
56.0,0.0,3.0,0.17193343548758558
56.0,0.0,4.0,0.10795994961271091
56.0,0.0,5.0,0.08051566133714458
56.0,0.0,7.0,0.2144491141766535
56.0,0.0,9.0,0.10505595549042647
56.0,1.0,2.0,0.19291160824857992
56.0,1.0,3.0,0.11940843769133287
56.0,1.0,4.0,0.0230218186597753
56.0,1.0,5.0,0.02645441854668057
56.0,1.0,6.0,0.07932422956820478
56.0,1.0,8.0,0.16589161419009457
56.0,1.0,9.0,0.09403394568187289
56.0,2.0,5.0,0.039124682095347633
56.0,2.0,6.0,0.018323272890760044
56.0,2.0,8.0,0.13925858265680413
56.0,3.0,4.0,0.133367080178864
56.0,3.0,5.0,0.017734465026373627
56.0,3.0,9.0,0.15282380305402837
56.0,4.0,5.0,0.04230609946098804
56.0,4.0,6.0,0.02821806789258976
56.0,4.0,7.0,0.08171116912677072
56.0,4.0,8.0,0.11328230704011027
56.0,4.0,9.0,0.06737467913894002
56.0,5.0,6.0,0.024166741675603218
56.0,5.0,7.0,0.13694528022277813
56.0,6.0,7.0,0.01834512073276214
56.0,6.0,9.0,0.17115241930320685
56.0,7.0,9.0,0.08241615420149781
57.0,0.0,2.0,0.034951052627450685
57.0,0.0,3.0,0.10889068684840111
57.0,0.0,4.0,0.019968476413876314
57.0,0.0,5.0,0.006485522345117151
57.0,0.0,7.0,0.059878422522331144
57.0,0.0,9.0,0.055867883666332
57.0,1.0,2.0,0.04452100554108204
57.0,1.0,4.0,0.2513099543806699
57.0,1.0,5.0,0.1390949948584989
57.0,1.0,6.0,0.02141598178672124
57.0,1.0,7.0,0.0758535863641781
57.0,2.0,4.0,0.0191730038663851
57.0,2.0,5.0,0.007866488570872632
57.0,2.0,7.0,0.005947702918581592
57.0,2.0,9.0,0.02357846603164157
57.0,3.0,4.0,0.041555753900570855
57.0,3.0,6.0,0.07414500017373649
57.0,3.0,7.0,0.038154953909075986
57.0,3.0,8.0,0.06393307501222724
57.0,4.0,5.0,0.012830650359441302
57.0,4.0,8.0,0.04465483844636753
57.0,5.0,8.0,0.13179438878670804
57.0,5.0,9.0,0.09425208274828402
57.0,6.0,7.0,0.1167704532526178
57.0,6.0,8.0,0.0830535637219101
57.0,6.0,9.0,0.08068400836302685
57.0,7.0,9.0,0.07726552723110325
58.0,0.0,1.0,0.07450892669954703
58.0,0.0,2.0,0.08612831010652615
58.0,0.0,4.0,0.06912139878718743
58.0,0.0,6.0,0.1627929505895948
58.0,0.0,7.0,0.036070493716813
58.0,0.0,8.0,0.10911972616204639
58.0,0.0,9.0,0.15237240642990726
58.0,1.0,3.0,0.15309909475846054
58.0,1.0,4.0,0.05694735563051902
58.0,1.0,6.0,0.0012978330303190823
58.0,1.0,7.0,0.057773551008924284
58.0,1.0,8.0,0.09437251900946736
58.0,1.0,9.0,0.06517686327122227
58.0,2.0,3.0,0.12917880926940045
58.0,2.0,5.0,0.03331072224465001
58.0,2.0,6.0,0.1079512204863447
58.0,2.0,9.0,0.02346960316072999
58.0,3.0,4.0,0.01617674393856821
58.0,3.0,6.0,0.02584359790408298
58.0,3.0,8.0,0.09987685715666031
58.0,3.0,9.0,0.083414817267881
58.0,4.0,8.0,0.06401908608601792
58.0,4.0,9.0,0.006533161720241654
58.0,5.0,6.0,0.04729568462906134
58.0,5.0,8.0,0.08045488778147496
58.0,5.0,9.0,0.1135426544087982
58.0,6.0,7.0,0.00681998508618303
58.0,6.0,8.0,0.12174436432852773
58.0,6.0,9.0,0.016186780014491555
58.0,7.0,9.0,0.06849909840137895
59.0,0.0,1.0,0.31537363614961955
59.0,0.0,3.0,0.011489899739983267
59.0,0.0,4.0,0.2899947856517962
59.0,0.0,6.0,0.027666063585029058
59.0,0.0,7.0,0.13675345406935374
59.0,0.0,8.0,0.08025807820959338
59.0,0.0,9.0,0.0826633106960823
59.0,1.0,2.0,0.009255381110340914
59.0,1.0,3.0,0.17834868175459778
59.0,1.0,5.0,0.05394329353297282
59.0,1.0,6.0,0.12428293927723884
59.0,1.0,7.0,0.06669136932985917
59.0,1.0,9.0,0.04448236441597096
59.0,2.0,3.0,0.11578763138261156
59.0,2.0,4.0,0.17966872284193094
59.0,2.0,6.0,0.14187320785432855
59.0,2.0,8.0,0.045990273523611826
59.0,2.0,9.0,0.006705087478606164
59.0,3.0,5.0,0.08270366711086043
59.0,3.0,6.0,0.08848685050811879
59.0,3.0,7.0,0.0750525609337318
59.0,3.0,8.0,0.14675575074361147
59.0,4.0,5.0,0.0769346453103823
59.0,4.0,8.0,0.13667809633297057
59.0,5.0,6.0,0.02218534841722939
59.0,5.0,7.0,0.03341166539888078
59.0,5.0,8.0,0.021939875651904275
59.0,5.0,9.0,0.057871295940550085
59.0,6.0,9.0,0.021476413725671686
59.0,7.0,9.0,0.1478398966048832
59.0,8.0,9.0,0.01756600269554371
60.0,0.0,1.0,0.15803014905292806
60.0,0.0,2.0,0.13132095284899328
60.0,0.0,4.0,0.12043204677697766
60.0,0.0,5.0,0.09411681117387338
60.0,0.0,6.0,0.3688082205591161
60.0,1.0,2.0,0.00913548191467587
60.0,1.0,3.0,0.07342047328725836
60.0,1.0,4.0,0.07273188438331973
60.0,1.0,5.0,0.028996487414277104
60.0,1.0,6.0,0.09044119550612141
60.0,1.0,7.0,0.045734053775023896
60.0,2.0,3.0,0.14169099688941397
60.0,2.0,4.0,0.2993470622420879
60.0,2.0,5.0,0.13090449357983436
60.0,2.0,6.0,0.03464988691668927
60.0,2.0,8.0,0.04368699982388287
60.0,2.0,9.0,0.12216982266033422
60.0,3.0,4.0,0.059673454997430556
60.0,3.0,5.0,0.21686226634771938
60.0,3.0,8.0,0.05545927908315215
60.0,4.0,6.0,0.1427295003831859
60.0,4.0,8.0,0.13259384183568726
60.0,4.0,9.0,0.05352899516746249
60.0,5.0,7.0,0.017115339369015346
60.0,5.0,9.0,0.01821740345079457
60.0,7.0,9.0,0.04497521407831181
60.0,8.0,9.0,0.13968075774802236
61.0,0.0,1.0,0.07460889674100889
61.0,0.0,2.0,0.08303496251225344
61.0,0.0,3.0,0.14139426413565948
61.0,0.0,4.0,0.09818835422519173
61.0,0.0,5.0,0.1193361043692483
61.0,0.0,7.0,0.15736060171405244
61.0,0.0,8.0,0.153354457024528
61.0,0.0,9.0,0.17462973183918526
61.0,1.0,4.0,0.18544139578558608
61.0,1.0,5.0,0.13407863275442938
61.0,1.0,6.0,0.09623354840757624
61.0,1.0,8.0,0.01669744853679988
61.0,2.0,4.0,0.0523882304399427
61.0,2.0,7.0,0.14148420798137712
61.0,2.0,8.0,0.011962066755710415
61.0,2.0,9.0,0.09441662823281238
61.0,3.0,6.0,0.0047309697575252385
61.0,3.0,7.0,0.040004032623101995
61.0,4.0,6.0,0.08730681669818749
61.0,4.0,7.0,0.10649234137365107
61.0,4.0,8.0,0.07476512305518457
61.0,4.0,9.0,0.08652177359038424
61.0,5.0,6.0,0.058060264842513865
61.0,5.0,7.0,0.0248843295521713
61.0,5.0,8.0,0.05854844878062537
61.0,5.0,9.0,0.20247725806613873
61.0,6.0,7.0,0.06732664966925386
61.0,6.0,9.0,0.11369530343691414
61.0,7.0,9.0,0.04224671425870111
61.0,8.0,9.0,0.023760784422661524
62.0,0.0,1.0,0.07320725729376024
62.0,0.0,5.0,0.015979302765983725
62.0,0.0,8.0,0.13649879674898605
62.0,0.0,9.0,0.01608417839479121
62.0,1.0,2.0,0.12727523613722067
62.0,1.0,3.0,0.013041676671519769
62.0,1.0,4.0,0.12490526024687522
62.0,1.0,5.0,0.053130130825459615
62.0,1.0,6.0,0.008684143059384947
62.0,1.0,8.0,0.015639141133165085
62.0,1.0,9.0,0.04051896688144532
62.0,2.0,4.0,0.14058063816810668
62.0,2.0,5.0,0.052846475776869406
62.0,2.0,7.0,0.09538843404033867
62.0,2.0,8.0,0.1633645754257522
62.0,2.0,9.0,0.03725533246792845
62.0,3.0,4.0,0.001616359451156308
62.0,3.0,5.0,0.02533690706457308
62.0,4.0,7.0,0.030648811764588633
62.0,4.0,9.0,0.020624336625054016
62.0,5.0,6.0,0.0138757011936613
62.0,6.0,7.0,0.09764185139503888
62.0,6.0,8.0,0.14233023285651944
62.0,6.0,9.0,0.06669122991163554
62.0,7.0,8.0,0.06838450841199639
62.0,8.0,9.0,0.01018611930447079
63.0,0.0,2.0,0.12403032366436957
63.0,0.0,3.0,0.04205386991959325
63.0,0.0,6.0,0.06911214576304361
63.0,0.0,8.0,0.17478807233174493
63.0,0.0,9.0,0.056901247695428106
63.0,1.0,2.0,0.026487746222893217
63.0,1.0,3.0,0.13212563494734586
63.0,1.0,5.0,0.13294319959775958
63.0,1.0,6.0,0.2754872359593182
63.0,1.0,7.0,0.03168479756379823
63.0,1.0,9.0,0.11638384867410272
63.0,2.0,3.0,0.046451230095761215
63.0,2.0,4.0,0.03446556742080406
63.0,2.0,5.0,0.1278148279507105
63.0,2.0,7.0,0.08228676126256976
63.0,2.0,8.0,0.018002415205832893
63.0,2.0,9.0,0.06970370582978609
63.0,3.0,4.0,0.05818037025667601
63.0,3.0,5.0,0.01225261456491046
63.0,3.0,6.0,0.11564763186086754
63.0,4.0,7.0,0.120025381435493
63.0,4.0,9.0,0.020226103729111523
63.0,5.0,8.0,0.010332774705655585
63.0,6.0,7.0,0.070334516971767
63.0,6.0,9.0,0.058832248211993524
63.0,7.0,9.0,0.17896726644787442
64.0,0.0,1.0,0.08625280832307447
64.0,0.0,2.0,0.030372928265134852
64.0,0.0,3.0,0.06063016161272754
64.0,0.0,6.0,0.03873304839210137
64.0,0.0,7.0,0.07198246897900301
64.0,0.0,8.0,0.10011251375380788
64.0,1.0,2.0,0.10059100050919363
64.0,1.0,3.0,0.24204582139183695
64.0,1.0,6.0,0.36076364752999457
64.0,1.0,7.0,0.05161766726721623
64.0,1.0,8.0,0.0607486314298404
64.0,1.0,9.0,0.09602664584560588
64.0,2.0,3.0,0.05486981630203738
64.0,2.0,6.0,0.028458694924647022
64.0,2.0,7.0,0.1692437844759701
64.0,2.0,8.0,0.039999675557791964
64.0,3.0,6.0,0.06908128087595669
64.0,3.0,7.0,0.07531555891191538
64.0,3.0,9.0,0.14520896525478716
64.0,4.0,5.0,0.007115159720127296
64.0,4.0,6.0,0.31594456476409055
64.0,4.0,7.0,0.02479490917073561
64.0,4.0,8.0,0.05359763017685127
64.0,4.0,9.0,0.16250669142781501
64.0,5.0,7.0,0.0928361806199587
64.0,5.0,8.0,0.0023433914351310044
64.0,6.0,8.0,0.008728723333749614
64.0,6.0,9.0,0.018688527374452354
64.0,7.0,9.0,0.08534951721509498
64.0,8.0,9.0,0.07205594504964699
65.0,0.0,1.0,0.15844181754329079
65.0,0.0,4.0,0.07069762447499597
65.0,0.0,5.0,0.024841846571965212
65.0,0.0,6.0,0.06967221952584748
65.0,0.0,8.0,0.10462777356959631
65.0,0.0,9.0,0.009804679797853034
65.0,1.0,2.0,0.05517296481099958
65.0,1.0,4.0,0.010814649613880307
65.0,1.0,5.0,0.1279166767946783
65.0,1.0,6.0,0.28053372858529363
65.0,1.0,7.0,0.10751216263119315
65.0,2.0,3.0,0.04530729421691633
65.0,2.0,4.0,0.06832403341219934
65.0,2.0,5.0,0.08945358621503641
65.0,2.0,6.0,0.1593940289431101
65.0,2.0,7.0,0.09324500509518693
65.0,2.0,9.0,0.005458666238502139
65.0,3.0,5.0,0.05954085388701573
65.0,3.0,7.0,0.023092436925475794
65.0,3.0,9.0,0.012670766763201549
65.0,4.0,5.0,0.15893719048873464
65.0,4.0,6.0,0.035780805597161305
65.0,5.0,6.0,0.019661504985527243
65.0,5.0,7.0,0.08089576653201505
65.0,5.0,8.0,0.031367144719366816
65.0,5.0,9.0,0.0027000225791772234
65.0,6.0,8.0,0.07683547355234918
65.0,6.0,9.0,0.06185016355931443
65.0,7.0,8.0,0.026044746209846432
66.0,0.0,1.0,0.18614923558114863
66.0,0.0,2.0,0.13615216678485004
66.0,0.0,5.0,0.08189774289889834
66.0,0.0,6.0,0.04998583503660931
66.0,0.0,9.0,0.06911692538368056
66.0,1.0,3.0,0.05515823991659128
66.0,1.0,4.0,0.11070289513271456
66.0,1.0,5.0,0.03376339352764338
66.0,1.0,9.0,0.12412985854709654
66.0,2.0,3.0,0.01451258574866816
66.0,2.0,7.0,0.022294959386766726
66.0,3.0,4.0,0.006878982897856314
66.0,3.0,5.0,0.11628109153130707
66.0,3.0,6.0,0.08850003870373703
66.0,3.0,7.0,0.05971404220482013
66.0,3.0,9.0,0.04311442427915483
66.0,4.0,7.0,0.07503237539005113
66.0,4.0,9.0,0.1523401824186986
66.0,5.0,6.0,0.16136045433689755
66.0,5.0,8.0,0.04600785485610559
66.0,6.0,8.0,0.13765763178973475
66.0,7.0,8.0,0.13987017545898733
66.0,7.0,9.0,0.03650676858443885
67.0,0.0,1.0,0.04597318758042576
67.0,0.0,3.0,0.07870925758909014
67.0,0.0,4.0,0.02622097510511088
67.0,0.0,5.0,0.12042249792879295
67.0,0.0,7.0,0.1891881723735483
67.0,0.0,8.0,0.1082495463506922
67.0,1.0,4.0,0.08079850924038766
67.0,1.0,5.0,0.2373397673531281
67.0,1.0,6.0,0.07538242521296284
67.0,1.0,8.0,0.04972946549448813
67.0,2.0,3.0,0.0731023137731131
67.0,2.0,5.0,0.21330797721514871
67.0,2.0,8.0,0.14403104044739404
67.0,2.0,9.0,0.03855740578123058
67.0,3.0,6.0,0.03507215016526638
67.0,3.0,7.0,0.069470513839132
67.0,4.0,6.0,0.06798768193296775
67.0,4.0,7.0,0.07617942069169698
67.0,4.0,8.0,0.1693601632853827
67.0,5.0,6.0,0.0234022739117265
67.0,5.0,7.0,0.033152199836772506
67.0,5.0,9.0,0.10756848317967391
67.0,6.0,7.0,0.2092682862245384
67.0,6.0,8.0,0.02344655723983934
67.0,7.0,8.0,0.11972140193403599
67.0,8.0,9.0,0.21283176138995724
68.0,0.0,2.0,0.12152982282642426
68.0,0.0,3.0,0.0052704494776392025
68.0,0.0,4.0,0.09257277625014805
68.0,0.0,6.0,0.2699699528400408
68.0,0.0,7.0,0.0218883841862016
68.0,0.0,8.0,0.18382180495744646
68.0,1.0,4.0,0.056285780997758314
68.0,1.0,5.0,0.13139222319379032
68.0,1.0,6.0,0.051802756194198885
68.0,1.0,8.0,0.1085950755059045
68.0,1.0,9.0,0.024779888236331347
68.0,2.0,4.0,0.10562696966357851
68.0,2.0,5.0,0.10049188395283455
68.0,2.0,6.0,0.09457871762682989
68.0,2.0,7.0,0.09868766305694676
68.0,2.0,9.0,0.04023089678267102
68.0,3.0,4.0,0.004702514135585655
68.0,3.0,5.0,0.07899194765327106
68.0,4.0,9.0,0.020670389678074205
68.0,5.0,8.0,0.025342021394082224
68.0,5.0,9.0,0.03899757547588299
68.0,6.0,7.0,0.03276794099708501
68.0,6.0,9.0,0.0007672267650188375
68.0,7.0,8.0,0.08173462055020278
68.0,7.0,9.0,0.1479755994104505
68.0,8.0,9.0,0.013539057067348557
69.0,0.0,1.0,0.046216792910549157
69.0,0.0,2.0,0.010097930860790166
69.0,0.0,4.0,0.033257235220276835
69.0,0.0,5.0,0.054992787052773245
69.0,0.0,6.0,0.1149055128509071
69.0,0.0,7.0,0.0488195680937874
69.0,0.0,8.0,0.058387047690844275
69.0,1.0,2.0,0.08320726574077898
69.0,1.0,3.0,0.1151527683516168
69.0,1.0,4.0,0.04648296907611368
69.0,1.0,8.0,0.06947252060559479
69.0,1.0,9.0,0.13286685905887768
69.0,2.0,3.0,0.19812768496049643
69.0,2.0,5.0,0.023709985020701325
69.0,2.0,6.0,0.188020308142587
69.0,2.0,7.0,0.029495494682799994
69.0,2.0,8.0,0.09025825540848698
69.0,2.0,9.0,0.15428361167813728
69.0,3.0,6.0,0.027467606954381864
69.0,3.0,7.0,0.2125709848402509
69.0,3.0,8.0,0.04116250349166317
69.0,4.0,5.0,0.08288281500751646
69.0,4.0,6.0,0.0750240265061621
69.0,4.0,7.0,0.1325051232889262
69.0,4.0,9.0,0.006513881994855071
69.0,5.0,6.0,0.11068685863637678
69.0,5.0,7.0,0.10294034247745686
69.0,5.0,8.0,0.06243512188301714
69.0,5.0,9.0,0.08375392492488719
69.0,6.0,8.0,0.102228071680644
69.0,6.0,9.0,0.03605081783558231
69.0,7.0,8.0,0.025048594602001824
69.0,7.0,9.0,0.02118212137296374
69.0,8.0,9.0,0.15909851649084739
70.0,0.0,1.0,0.12013374037277125
70.0,0.0,3.0,0.06508747709528037
70.0,0.0,7.0,0.012127252369581946
70.0,0.0,8.0,0.06926712553288353
70.0,0.0,9.0,0.008065416257641567
70.0,1.0,2.0,0.14726202607032565
70.0,1.0,7.0,0.05236680379855996
70.0,1.0,9.0,0.01706525473367225
70.0,2.0,5.0,0.01036186110492883
70.0,2.0,6.0,0.11057244762145553
70.0,2.0,7.0,0.02675811995964346
70.0,2.0,8.0,0.08576579273024751
70.0,2.0,9.0,0.05876999317073746
70.0,3.0,4.0,0.008915170955137029
70.0,3.0,5.0,0.06431177546923722
70.0,3.0,7.0,0.11278190031702051
70.0,3.0,8.0,0.007204292072755613
70.0,4.0,6.0,0.04440837324805312
70.0,4.0,7.0,0.009891074387761885
70.0,5.0,7.0,0.06872472174693156
70.0,5.0,8.0,0.13526439118147124
70.0,5.0,9.0,0.09114609071480355
70.0,6.0,7.0,0.07841970766178075
70.0,6.0,9.0,0.07239906098273595
70.0,7.0,9.0,0.10413446768298532
71.0,0.0,1.0,0.00908922092892838
71.0,0.0,2.0,0.1601216689573014
71.0,0.0,3.0,0.20914838177909983
71.0,0.0,5.0,0.15198132580538312
71.0,0.0,7.0,0.03094511285233383
71.0,0.0,8.0,0.009074063915156236
71.0,0.0,9.0,0.01202574519708623
71.0,1.0,2.0,0.07198162743106576
71.0,1.0,7.0,0.12671353009348243
71.0,1.0,8.0,0.11212877813260948
71.0,1.0,9.0,0.08912165491411156
71.0,2.0,3.0,0.07014346086703661
71.0,2.0,4.0,0.22800439041020532
71.0,2.0,6.0,0.09597378347647374
71.0,2.0,8.0,0.15903745565675334
71.0,3.0,4.0,0.03790133117571397
71.0,3.0,6.0,0.0003044042468099313
71.0,3.0,8.0,0.054883660019654334
71.0,4.0,5.0,0.03949629065407292
71.0,4.0,6.0,0.08095714351048636
71.0,4.0,7.0,0.1031687270080434
71.0,5.0,6.0,0.09763221457134783
71.0,5.0,8.0,0.0930264973321458
71.0,5.0,9.0,0.11211472800520637
71.0,6.0,7.0,0.024172299037003582
71.0,6.0,9.0,0.16944024850363346
71.0,7.0,8.0,0.02195152189587582
71.0,7.0,9.0,0.11634764718461632
71.0,8.0,9.0,0.019429477603623974
72.0,0.0,1.0,0.043307702621613056
72.0,0.0,3.0,0.0725821612580708
72.0,0.0,4.0,0.15885336780253412
72.0,0.0,5.0,0.0368013147723974
72.0,0.0,7.0,0.003568421997175733
72.0,1.0,2.0,0.11363821749685232
72.0,1.0,3.0,0.08375830765319736
72.0,1.0,5.0,0.07758975484595118
72.0,1.0,6.0,0.03630885654386093
72.0,1.0,7.0,0.1038099394497154
72.0,1.0,8.0,0.2850230036482872
72.0,2.0,3.0,0.0984719374042173
72.0,2.0,4.0,0.012331115919213088
72.0,2.0,7.0,0.14595449644172417
72.0,2.0,8.0,0.2762870685846224
72.0,2.0,9.0,0.12215402751756209
72.0,3.0,4.0,0.04799055014970504
72.0,3.0,6.0,0.022424800626242376
72.0,3.0,9.0,0.1494720250848809
72.0,4.0,5.0,0.02976386887752823
72.0,4.0,7.0,0.07258813185607242
72.0,4.0,9.0,0.053000567817706006
72.0,5.0,6.0,0.03881947603200269
72.0,5.0,8.0,0.021323910110925947
72.0,6.0,7.0,0.03053144692373822
72.0,6.0,8.0,0.07466783029343939
72.0,7.0,8.0,0.1613807611296887
72.0,8.0,9.0,0.1321906005067173
73.0,0.0,2.0,0.004432531242133796
73.0,0.0,3.0,0.0628036935863856
73.0,0.0,4.0,0.207762484056839
73.0,0.0,5.0,0.14734101920480588
73.0,0.0,6.0,0.009725770174240991
73.0,0.0,8.0,0.11737259439133148
73.0,0.0,9.0,0.05566832958539253
73.0,1.0,2.0,0.1465449328007931
73.0,1.0,3.0,0.07844582988066419
73.0,1.0,4.0,0.06643964279641018
73.0,1.0,7.0,0.06874027076954493
73.0,1.0,8.0,0.11914946676888415
73.0,1.0,9.0,0.025628936689099636
73.0,2.0,3.0,0.10338782079911846
73.0,2.0,4.0,0.02559798539811725
73.0,2.0,5.0,0.0029618056887556476
73.0,2.0,6.0,0.009541205726295493
73.0,2.0,7.0,0.028406239047220644
73.0,3.0,4.0,0.06211485037240139
73.0,3.0,7.0,0.045931722260107284
73.0,3.0,8.0,0.15153446451208885
73.0,3.0,9.0,0.05512609661149385
73.0,4.0,5.0,0.006270328656088033
73.0,4.0,6.0,0.2221576768420731
73.0,5.0,6.0,0.024441835514397367
73.0,5.0,7.0,0.030299470415927048
73.0,5.0,9.0,0.024781021186599726
73.0,6.0,8.0,0.09411794727014475
73.0,7.0,9.0,0.020066785893117625
74.0,0.0,1.0,0.15555540912414534
74.0,0.0,2.0,0.14192904539255957
74.0,0.0,3.0,0.14246053588453056
74.0,0.0,5.0,0.14562205490688343
74.0,0.0,6.0,0.03617639268548354
74.0,0.0,9.0,0.03545263187658804
74.0,1.0,2.0,0.03582982491435349
74.0,1.0,3.0,0.009543353144084457
74.0,1.0,5.0,0.07007042000512273
74.0,1.0,6.0,0.017386967477704907
74.0,1.0,8.0,0.15593813813090784
74.0,1.0,9.0,0.06726702372410351
74.0,2.0,5.0,0.020129155993528016
74.0,2.0,6.0,0.17325439954391544
74.0,2.0,9.0,0.03370318422938259
74.0,3.0,5.0,0.15213467659220697
74.0,3.0,7.0,0.1420558508375871
74.0,3.0,8.0,0.10218792444540502
74.0,4.0,5.0,0.05145890621536961
74.0,4.0,6.0,0.03717668083872026
74.0,4.0,9.0,0.07356784311874637
74.0,5.0,7.0,0.045022881137059226
74.0,5.0,8.0,0.13562145564001726
74.0,6.0,9.0,0.16091776300306987
74.0,7.0,8.0,0.22953658885138456
74.0,8.0,9.0,0.06561666288569126
75.0,0.0,1.0,0.09741085894118662
75.0,0.0,3.0,0.0696415953230934
75.0,0.0,4.0,0.06801314337918156
75.0,0.0,5.0,0.052445549787073734
75.0,0.0,8.0,0.03349460993533868
75.0,1.0,2.0,0.029895464098022663
75.0,1.0,3.0,0.18733532866224584
75.0,1.0,4.0,0.08316454741948431
75.0,1.0,8.0,0.1174988372223451
75.0,1.0,9.0,0.127993281746289
75.0,2.0,3.0,0.10618650900703795
75.0,2.0,7.0,0.0677758555209027
75.0,3.0,4.0,0.13276394614665332
75.0,3.0,6.0,0.10439688517012054
75.0,3.0,9.0,0.09571901300111468
75.0,4.0,5.0,0.0005493035928873444
75.0,4.0,8.0,0.1827732104817578
75.0,5.0,8.0,0.1451040099399454
75.0,5.0,9.0,0.15601333046276275
75.0,6.0,7.0,0.13692310661325974
75.0,6.0,8.0,0.026235465889446405
75.0,6.0,9.0,0.02706785087995706
75.0,7.0,9.0,0.04121148774330299
75.0,8.0,9.0,0.029508330349255252
76.0,0.0,2.0,0.16220433450186567
76.0,0.0,3.0,0.0532618738102477
76.0,0.0,5.0,0.16331984251398632
76.0,0.0,6.0,0.09706962046683829
76.0,0.0,7.0,0.054383757666999426
76.0,0.0,8.0,0.07766440984270487
76.0,0.0,9.0,0.10181474899092759
76.0,1.0,2.0,0.09446557550202522
76.0,1.0,3.0,0.12630927466348862
76.0,1.0,7.0,0.21018754007433882
76.0,1.0,8.0,0.11627584447435786
76.0,1.0,9.0,0.1403928739333874
76.0,2.0,5.0,0.02071271078749941
76.0,2.0,7.0,0.10056113540498901
76.0,2.0,8.0,0.3716312386215299
76.0,2.0,9.0,0.1514006860240915
76.0,3.0,4.0,0.02168116221646162
76.0,3.0,5.0,0.22981072740679492
76.0,3.0,7.0,0.10298318814428464
76.0,3.0,8.0,0.03942949642393263
76.0,3.0,9.0,0.030724510856607025
76.0,4.0,7.0,0.05886348970433093
76.0,4.0,8.0,0.06629997584582333
76.0,5.0,6.0,0.05230765103889263
76.0,5.0,8.0,0.16990401783960413
76.0,6.0,7.0,0.05532936061578853
76.0,7.0,9.0,0.06797696859200394
76.0,8.0,9.0,0.010596234283465327
77.0,0.0,1.0,0.274748932058702
77.0,0.0,2.0,0.14888568245434075
77.0,0.0,3.0,0.14447546715811918
77.0,0.0,8.0,0.14934706510296022
77.0,0.0,9.0,0.020863742531827295
77.0,1.0,3.0,0.09327195694141632
77.0,1.0,5.0,0.19069250447687908
77.0,1.0,6.0,0.18325516109264928
77.0,1.0,9.0,0.025179575122859087
77.0,2.0,3.0,0.17856025501195766
77.0,2.0,4.0,0.007021775878543808
77.0,2.0,7.0,0.1277433388793207
77.0,2.0,8.0,0.012876756765230219
77.0,3.0,6.0,0.22487739632086381
77.0,3.0,7.0,0.11623272783217867
77.0,3.0,8.0,0.025783719104360454
77.0,4.0,5.0,0.05023432215033574
77.0,4.0,6.0,0.11218981633666852
77.0,4.0,8.0,0.04826122301477158
77.0,4.0,9.0,0.0646110552229388
77.0,5.0,6.0,0.00032273923210429656
77.0,5.0,9.0,0.04798035186786209
77.0,6.0,8.0,0.1197684471692892
77.0,6.0,9.0,0.09377904405156842
77.0,7.0,8.0,0.03432890458269476
77.0,7.0,9.0,0.056296232554163196
78.0,0.0,1.0,0.1431285713672512
78.0,0.0,2.0,0.08057135378114931
78.0,0.0,3.0,0.0055676245070301125
78.0,0.0,4.0,0.023080812219359072
78.0,0.0,5.0,0.07965974402701345
78.0,0.0,6.0,0.00841060206733667
78.0,0.0,8.0,0.1371944825185865
78.0,1.0,3.0,0.046790819605532157
78.0,1.0,4.0,0.04893507589018221
78.0,1.0,5.0,0.20559155882660707
78.0,1.0,6.0,0.1679805286072038
78.0,1.0,8.0,0.09206569685617357
78.0,2.0,4.0,0.12827258491802324
78.0,2.0,7.0,0.015109706247954385
78.0,2.0,8.0,0.13267059693070338
78.0,2.0,9.0,0.026303070507748633
78.0,3.0,7.0,0.1229479458778617
78.0,3.0,8.0,0.007660592434511577
78.0,3.0,9.0,0.13329282856597738
78.0,4.0,6.0,0.05407976090504873
78.0,4.0,7.0,0.17833557451369184
78.0,4.0,8.0,0.03388048476446426
78.0,4.0,9.0,0.03086222783976285
78.0,5.0,6.0,0.026141620377839923
78.0,5.0,8.0,0.009914767847920844
78.0,5.0,9.0,0.11910012843211912
78.0,6.0,7.0,0.039365663658610606
79.0,0.0,1.0,0.12513973722546584
79.0,0.0,2.0,0.12041839746337261
79.0,0.0,4.0,0.034311978534302734
79.0,0.0,6.0,0.08317553787898044
79.0,1.0,3.0,0.21177613974248183
79.0,1.0,4.0,0.06891147928124892
79.0,1.0,5.0,0.010313701042657754
79.0,1.0,7.0,0.07587370763307172
79.0,2.0,3.0,0.02702875724879377
79.0,2.0,5.0,0.10145420292081532
79.0,2.0,6.0,0.09122406114608972
79.0,2.0,8.0,0.02284475653273032
79.0,2.0,9.0,0.1353551084794822
79.0,3.0,7.0,0.009431818190773763
79.0,3.0,9.0,0.03331587875846538
79.0,4.0,5.0,0.14025631172021671
79.0,4.0,6.0,0.03027951935381841
79.0,4.0,7.0,0.022032605877447063
79.0,4.0,9.0,0.04271248488904683
79.0,5.0,7.0,0.24173617407970796
79.0,5.0,8.0,0.18185314344511733
79.0,5.0,9.0,0.08770012062118064
79.0,6.0,7.0,0.0356754837358233
79.0,6.0,8.0,0.062075510780903946
79.0,7.0,9.0,0.07171182656661095
80.0,0.0,1.0,0.26985920534947583
80.0,0.0,2.0,0.15487250484359844
80.0,0.0,3.0,0.16486465777904485
80.0,0.0,4.0,0.09098826804271157
80.0,0.0,5.0,0.049852743135252245
80.0,0.0,7.0,0.07329137987361029
80.0,0.0,8.0,0.07958507195459381
80.0,1.0,3.0,0.036139510711427264
80.0,1.0,4.0,0.1662798119499022
80.0,1.0,6.0,0.008773676516190692
80.0,1.0,7.0,0.11671897517533059
80.0,1.0,8.0,0.0541983807348536
80.0,1.0,9.0,0.00436851940738903
80.0,2.0,3.0,0.029042632799511213
80.0,2.0,4.0,0.08293371933280529
80.0,2.0,5.0,0.059553945675091015
80.0,2.0,6.0,0.07261653759013727
80.0,2.0,7.0,0.08900488222926858
80.0,3.0,5.0,0.014482473761323153
80.0,3.0,6.0,0.1276399065521757
80.0,3.0,7.0,0.008759440708858797
80.0,3.0,8.0,0.0018357604039130233
80.0,3.0,9.0,0.057067104036831254
80.0,4.0,5.0,0.01509554022611328
80.0,4.0,6.0,0.13912578760257127
80.0,4.0,7.0,0.12346272990198968
80.0,4.0,8.0,0.23080217143672904
80.0,5.0,6.0,0.1920033533847742
80.0,5.0,7.0,0.13137191844789925
80.0,5.0,9.0,0.06558585376247522
80.0,6.0,8.0,0.12250295740703492
80.0,6.0,9.0,0.05965675884574452
80.0,8.0,9.0,0.15760116648614708
81.0,0.0,1.0,0.057923196263119175
81.0,0.0,2.0,0.08262538622234061
81.0,0.0,3.0,0.04540230727194197
81.0,0.0,4.0,0.18712452397066232
81.0,0.0,5.0,0.043162180491720145
81.0,0.0,6.0,0.028990010920304343
81.0,0.0,7.0,0.04714701675420486
81.0,0.0,8.0,0.040388983427495244
81.0,0.0,9.0,0.02822400809268501
81.0,1.0,4.0,0.08557686426111241
81.0,1.0,5.0,0.03332933142402564
81.0,1.0,6.0,0.14583158988943656
81.0,1.0,7.0,0.10295010720603817
81.0,1.0,9.0,0.05628257374528298
81.0,2.0,4.0,0.07844555945040954
81.0,2.0,6.0,0.00896107964453701
81.0,2.0,7.0,0.030435563625307922
81.0,2.0,8.0,0.07536710655609599
81.0,2.0,9.0,0.17233263603734505
81.0,3.0,4.0,0.055830116899433985
81.0,3.0,6.0,0.10393168480770695
81.0,3.0,7.0,0.006080538105961207
81.0,3.0,9.0,0.012087409690047927
81.0,4.0,5.0,0.10845517632094237
81.0,4.0,6.0,0.10706877655776004
81.0,4.0,9.0,0.07209837413447823
81.0,5.0,6.0,0.12576589143713035
81.0,5.0,7.0,0.13613481978400027
81.0,5.0,9.0,0.09275636479959602
81.0,6.0,8.0,0.13116131278383467
81.0,7.0,8.0,0.09439724032484265
81.0,7.0,9.0,0.010325286735822012
82.0,0.0,1.0,0.17175488738954614
82.0,0.0,4.0,0.07780163254963027
82.0,0.0,5.0,0.09819744518358478
82.0,0.0,7.0,0.019937786569598687
82.0,0.0,8.0,0.15539164499901623
82.0,1.0,3.0,0.0012450580156164529
82.0,1.0,4.0,0.14252745210981524
82.0,1.0,5.0,0.1981840035426466
82.0,2.0,4.0,0.038642835363931295
82.0,2.0,6.0,0.09758687850221823
82.0,2.0,7.0,0.012524884621346639
82.0,2.0,8.0,0.1267929953666646
82.0,3.0,5.0,0.05095006808949566
82.0,3.0,7.0,0.017175580081107828
82.0,3.0,8.0,0.08750143495996086
82.0,3.0,9.0,0.007277289006761974
82.0,4.0,5.0,0.048003277456899515
82.0,5.0,6.0,0.1503423855552821
82.0,5.0,8.0,0.04240830135330287
82.0,6.0,8.0,0.1731861925440502
82.0,6.0,9.0,0.02762532393102641
82.0,7.0,8.0,0.15080731749903514
83.0,0.0,1.0,0.1826978236012981
83.0,0.0,3.0,0.11135771300318181
83.0,0.0,4.0,0.0675610499080102
83.0,0.0,5.0,0.04411247475205199
83.0,0.0,6.0,0.16685991010163692
83.0,0.0,7.0,0.09389743032891829
83.0,0.0,8.0,0.02794143508943693
83.0,1.0,3.0,0.13496705685454638
83.0,1.0,5.0,0.03321628570433746
83.0,1.0,6.0,0.025277931084213057
83.0,1.0,7.0,0.21515128712748186
83.0,1.0,9.0,0.037833356148543634
83.0,2.0,3.0,0.11927291392726401
83.0,2.0,4.0,0.06664770247293886
83.0,2.0,5.0,0.03772212496817107
83.0,2.0,7.0,0.12125824826191511
83.0,2.0,8.0,0.27024455017138344
83.0,2.0,9.0,0.05204370924239041
83.0,3.0,4.0,0.08834989082221663
83.0,3.0,6.0,0.1092866735203769
83.0,3.0,8.0,0.16635365668016244
83.0,4.0,7.0,0.18591600112343173
83.0,4.0,8.0,0.04674274524770166
83.0,5.0,8.0,0.11306453072094566
83.0,5.0,9.0,0.0806764933892547
83.0,6.0,7.0,0.1727744351180815
83.0,6.0,9.0,0.18369242387860948
83.0,7.0,8.0,0.014292124158799345
83.0,7.0,9.0,0.024487084382442174
83.0,8.0,9.0,0.0015582965430260987
84.0,0.0,1.0,0.08430879623999035
84.0,0.0,2.0,0.04817081630705035
84.0,0.0,3.0,0.011340590970437818
84.0,0.0,4.0,0.04981500353312789
84.0,0.0,5.0,0.060156999955090246
84.0,0.0,6.0,0.04043246864310457
84.0,1.0,2.0,0.05952673325131498
84.0,1.0,3.0,0.03540346795056526
84.0,1.0,4.0,0.13697035311926592
84.0,1.0,6.0,0.024974130810703155
84.0,1.0,9.0,0.13780902775657256
84.0,2.0,4.0,0.026671278897538717
84.0,2.0,5.0,0.02254647494093027
84.0,2.0,7.0,0.09338198639173281
84.0,2.0,8.0,0.07548975300484063
84.0,2.0,9.0,0.03167400622562087
84.0,3.0,6.0,0.20052506647469165
84.0,3.0,7.0,0.13730002679677966
84.0,3.0,8.0,0.2077116685506494
84.0,4.0,6.0,0.05347857006918496
84.0,4.0,7.0,0.05362078684734404
84.0,4.0,9.0,0.009313492800944526
84.0,5.0,6.0,0.13011053639032708
84.0,5.0,8.0,0.0453029056948966
84.0,5.0,9.0,0.13380775388334637
84.0,6.0,9.0,0.13628312311978114
84.0,7.0,9.0,0.14593517238190126
85.0,0.0,1.0,0.08418576106721548
85.0,0.0,3.0,0.10353824801191769
85.0,0.0,4.0,0.05858051676731657
85.0,0.0,7.0,0.15536787659328247
85.0,0.0,8.0,0.07394815139590497
85.0,0.0,9.0,0.14354117705063835
85.0,1.0,2.0,0.14988669443441724
85.0,1.0,3.0,0.018385656402887893
85.0,1.0,4.0,0.08149340083817284
85.0,1.0,9.0,0.09564050522241345
85.0,2.0,3.0,0.06449708904868104
85.0,2.0,4.0,0.04655053044459504
85.0,2.0,6.0,0.08158516673847324
85.0,3.0,6.0,0.034426945769608766
85.0,3.0,7.0,0.06537461885136692
85.0,3.0,8.0,0.2927813751963321
85.0,4.0,5.0,0.03862522254691676
85.0,4.0,6.0,0.0330040710521739
85.0,4.0,7.0,0.057813415256842214
85.0,4.0,8.0,0.1284818699439849
85.0,4.0,9.0,0.06102047423167226
85.0,5.0,6.0,0.20517610611786535
85.0,5.0,8.0,0.059940931678254095
85.0,5.0,9.0,0.08450722334834536
85.0,6.0,7.0,0.1502977413507569
85.0,6.0,9.0,0.001311379217044814
85.0,7.0,9.0,0.2517382776218783
85.0,8.0,9.0,0.08278115450264217
86.0,0.0,1.0,0.24390869090454792
86.0,0.0,3.0,0.12158552961213027
86.0,0.0,4.0,0.032007388815182405
86.0,0.0,5.0,0.07214896681854624
86.0,0.0,6.0,0.17041653944976332
86.0,0.0,7.0,0.06577944317920086
86.0,0.0,9.0,0.15538075200295398
86.0,1.0,6.0,0.06607006476141289
86.0,1.0,8.0,0.0058794381608177244
86.0,2.0,3.0,0.15886859457694313
86.0,2.0,4.0,0.09714369613242449
86.0,2.0,5.0,0.18510512589741962
86.0,2.0,9.0,0.0151291845138375
86.0,3.0,4.0,0.0003623083101744612
86.0,3.0,6.0,0.10911073523576556
86.0,3.0,7.0,0.17859797192264226
86.0,4.0,5.0,0.029188908620977123
86.0,4.0,6.0,0.05018325420919507
86.0,4.0,7.0,0.2444046409553337
86.0,4.0,8.0,0.1410209935501453
86.0,4.0,9.0,0.07328614818691963
86.0,5.0,6.0,0.06558359388584539
86.0,5.0,7.0,0.12557764148455294
86.0,5.0,8.0,0.022778964246239673
86.0,5.0,9.0,0.14129670425518617
86.0,6.0,7.0,0.1615785905567499
86.0,7.0,8.0,0.16545520603622207
86.0,7.0,9.0,0.03523686838464332
86.0,8.0,9.0,0.04506816232993999
87.0,0.0,1.0,0.15742962930488758
87.0,0.0,2.0,0.11784610001665476
87.0,0.0,4.0,0.10593690028524941
87.0,0.0,5.0,0.023655843669853495
87.0,0.0,6.0,0.04855893170576113
87.0,0.0,7.0,0.06729303966180093
87.0,0.0,9.0,0.20427494133618693
87.0,1.0,2.0,0.06320351908051478
87.0,1.0,3.0,0.08190089759785359
87.0,1.0,4.0,0.0543133910271487
87.0,1.0,6.0,0.08070501529258027
87.0,1.0,7.0,0.10720698675942536
87.0,1.0,9.0,0.0011654502637944847
87.0,2.0,3.0,0.06078156415113159
87.0,2.0,4.0,0.10607756341245372
87.0,2.0,5.0,0.03027160628568984
87.0,2.0,6.0,0.10688829485993341
87.0,2.0,7.0,0.046237321516597624
87.0,3.0,5.0,0.1296594245761476
87.0,3.0,6.0,0.06419236976670993
87.0,3.0,7.0,0.10143084559354174
87.0,3.0,8.0,0.12978909262484253
87.0,4.0,8.0,0.008869155993100716
87.0,5.0,7.0,0.04286089847420607
87.0,5.0,8.0,0.11517564320429857
87.0,5.0,9.0,0.008458409057824367
87.0,6.0,7.0,0.059846166304302735
88.0,0.0,1.0,0.13117422922177732
88.0,0.0,2.0,0.19148631705623942
88.0,0.0,3.0,0.15104455113020476
88.0,0.0,4.0,0.16529548365143137
88.0,0.0,6.0,0.2015264147216856
88.0,0.0,7.0,0.043668161496680506
88.0,0.0,8.0,0.22530850456527382
88.0,0.0,9.0,0.2957861531395551
88.0,1.0,2.0,0.081400029889127
88.0,1.0,3.0,0.022812006737474744
88.0,1.0,4.0,0.1749911931377838
88.0,1.0,6.0,0.06041151025832289
88.0,1.0,7.0,0.03861381169285959
88.0,1.0,8.0,0.10078814321135192
88.0,2.0,3.0,0.11884846950576121
88.0,2.0,7.0,0.01910452590915106
88.0,2.0,8.0,0.10142651830378442
88.0,3.0,4.0,0.08733725281303324
88.0,3.0,5.0,0.2990915468768347
88.0,3.0,7.0,0.021054474171053838
88.0,3.0,8.0,0.04429727329523436
88.0,4.0,5.0,0.026260382184520464
88.0,4.0,6.0,0.023567116939356827
88.0,4.0,7.0,0.11725134808707573
88.0,4.0,8.0,0.07660045441835858
88.0,4.0,9.0,0.1355100546634062
88.0,5.0,6.0,0.07921930348329209
88.0,5.0,7.0,0.04630340114669296
88.0,5.0,9.0,0.10075568495690371
88.0,6.0,7.0,0.10870553697307618
88.0,6.0,8.0,0.130857853749586
88.0,7.0,9.0,0.12609592717400564
89.0,0.0,1.0,0.18019685714936665
89.0,0.0,2.0,0.18559946881932862
89.0,0.0,3.0,0.03911665973315868
89.0,0.0,4.0,0.00773618365976414
89.0,0.0,5.0,0.01390570980999533
89.0,0.0,6.0,0.11088669588502065
89.0,0.0,8.0,0.03839583256928687
89.0,1.0,2.0,0.09508214584488908
89.0,1.0,3.0,0.07622633622057855
89.0,1.0,4.0,0.13359155596862743
89.0,1.0,7.0,0.05863671402580598
89.0,1.0,8.0,0.1101844080691955
89.0,1.0,9.0,0.23236711476810532
89.0,2.0,5.0,0.0402348515725032
89.0,2.0,6.0,0.05482863953688347
89.0,2.0,7.0,0.04409953402910179
89.0,2.0,8.0,0.056635680454195717
89.0,2.0,9.0,0.06634926884689636
89.0,3.0,5.0,0.11324903051780033
89.0,3.0,8.0,0.036949483444957444
89.0,4.0,6.0,0.010574947446081347
89.0,4.0,7.0,0.041479620755592736
89.0,4.0,8.0,0.055398269772173284
89.0,5.0,6.0,0.04277821611525631
89.0,5.0,7.0,0.08893946119567289
89.0,5.0,9.0,0.08766457392370189
89.0,7.0,9.0,0.13744700102787033
90.0,0.0,1.0,0.04273801221903813
90.0,0.0,2.0,0.18809619607315164
90.0,0.0,3.0,0.22084657660094315
90.0,0.0,7.0,0.15468151778347428
90.0,1.0,3.0,0.02121121289899102
90.0,1.0,5.0,0.009788403889478808
90.0,1.0,6.0,0.12534303963445204
90.0,1.0,7.0,0.07737021784059567
90.0,1.0,8.0,0.05898654612880758
90.0,1.0,9.0,0.005524416067901772
90.0,2.0,3.0,0.11914925191419977
90.0,2.0,4.0,0.0996373318151057
90.0,2.0,6.0,0.05066375327288267
90.0,2.0,9.0,0.1493113990481043
90.0,3.0,4.0,0.10266866132892873
90.0,3.0,5.0,0.0557197881089485
90.0,3.0,7.0,0.21910621952528903
90.0,4.0,5.0,0.059386777230262706
90.0,4.0,6.0,0.008972637653898927
90.0,4.0,7.0,0.06083577402863162
90.0,4.0,8.0,0.2284538189385148
90.0,5.0,6.0,0.08583546755165844
90.0,5.0,9.0,0.03850172638953006
90.0,6.0,8.0,0.11857654984516669
90.0,6.0,9.0,0.12752647944803644
90.0,7.0,9.0,0.1428093053155424
90.0,8.0,9.0,0.031698177017491995
91.0,0.0,3.0,0.08106550394054234
91.0,0.0,5.0,0.1338432429339237
91.0,0.0,6.0,0.06602860465635518
91.0,0.0,7.0,0.03727740794579979
91.0,1.0,3.0,0.07717424185455651
91.0,1.0,5.0,0.20015897386751916
91.0,1.0,6.0,0.03163061742726315
91.0,1.0,8.0,0.10934788874989172
91.0,1.0,9.0,0.06487994741363057
91.0,2.0,3.0,0.12911755209216386
91.0,2.0,6.0,0.07379271080418569
91.0,2.0,8.0,0.04933120854939269
91.0,3.0,4.0,0.05171214247740233
91.0,3.0,6.0,0.10005031111100053
91.0,3.0,7.0,0.19095295485971242
91.0,3.0,8.0,0.03568242750173857
91.0,3.0,9.0,0.0820205943628202
91.0,4.0,5.0,0.04363587000105249
91.0,4.0,6.0,0.009696809524626765
91.0,4.0,7.0,0.036171821640713926
91.0,4.0,9.0,0.13220368724768225
91.0,5.0,6.0,0.03243897278224165
91.0,5.0,7.0,0.09146883816197758
91.0,5.0,8.0,0.04803974683982999
91.0,5.0,9.0,0.00321329075573285
91.0,6.0,7.0,0.14383141532620236
91.0,6.0,9.0,0.060830659515258484
91.0,7.0,8.0,0.1040596812021105
91.0,7.0,9.0,0.038750324712123585
91.0,8.0,9.0,0.03849222792860743
92.0,0.0,1.0,0.07017516593942864
92.0,0.0,2.0,0.02709855593338483
92.0,0.0,3.0,0.09543987143542325
92.0,0.0,4.0,0.17058080648070187
92.0,0.0,6.0,0.2690517046012659
92.0,1.0,3.0,0.1700614575817559
92.0,1.0,4.0,0.1271921041185442
92.0,1.0,5.0,0.026186897440578286
92.0,1.0,6.0,0.03523150263183719
92.0,1.0,7.0,0.12415372838469607
92.0,1.0,8.0,0.1713831429750487
92.0,1.0,9.0,0.013358126054079857
92.0,2.0,5.0,0.17542665868468887
92.0,2.0,6.0,0.07040142366268066
92.0,2.0,7.0,0.05393207070578652
92.0,2.0,8.0,0.0038362900952602433
92.0,2.0,9.0,0.07206048153191988
92.0,3.0,4.0,0.0735872244525457
92.0,3.0,5.0,0.03260931318445528
92.0,3.0,6.0,0.05022942054041694
92.0,3.0,7.0,0.11920410439427967
92.0,3.0,8.0,0.1212444960668865
92.0,4.0,5.0,0.0863731349820284
92.0,4.0,6.0,0.1361075837079821
92.0,4.0,8.0,0.07553386068514246
92.0,6.0,9.0,0.21264297850244884
92.0,7.0,8.0,0.10171031260952439
92.0,8.0,9.0,0.08966242597716335
93.0,0.0,1.0,0.2721515337583149
93.0,0.0,2.0,0.03936695374247343
93.0,0.0,4.0,0.07087459641825623
93.0,0.0,5.0,0.01614693823798102
93.0,0.0,6.0,0.03654297749322259
93.0,0.0,7.0,0.029591152407799144
93.0,0.0,8.0,0.14310611116291172
93.0,1.0,4.0,0.03595512876561904
93.0,1.0,5.0,0.1369950360243727
93.0,1.0,6.0,0.04129027087273471
93.0,1.0,7.0,0.07409306816375674
93.0,1.0,8.0,0.13228413997662442
93.0,1.0,9.0,0.17057322318316237
93.0,2.0,3.0,0.02972438266807993
93.0,2.0,4.0,0.03713163386575564
93.0,2.0,5.0,0.17822920747843052
93.0,2.0,6.0,0.025100285446127007
93.0,2.0,7.0,0.08231715532325701
93.0,2.0,8.0,0.07191219048824703
93.0,2.0,9.0,0.09853010388484984
93.0,3.0,4.0,0.0710550072562564
93.0,3.0,5.0,0.004369983031697285
93.0,3.0,6.0,0.08413007689096674
93.0,3.0,9.0,0.10001625906943444
93.0,4.0,5.0,0.14539407830919476
93.0,4.0,8.0,0.02141111606049774
93.0,4.0,9.0,0.012723317840767504
93.0,5.0,7.0,0.09853215804241179
93.0,5.0,8.0,0.03509200781255478
93.0,6.0,8.0,0.0795803506741675
93.0,7.0,8.0,0.0869606823570513
93.0,7.0,9.0,0.14208888560682278
93.0,8.0,9.0,0.08605902470094823
94.0,0.0,1.0,0.15802946693867698
94.0,0.0,2.0,0.045653068696775816
94.0,0.0,5.0,0.008364957042767966
94.0,0.0,6.0,0.08693720881686205
94.0,0.0,7.0,0.0011065252771288725
94.0,0.0,8.0,0.09349790994187958
94.0,0.0,9.0,0.047011368721884245
94.0,1.0,2.0,0.08241716805669282
94.0,1.0,3.0,0.2146851533692108
94.0,1.0,5.0,0.180259471674924
94.0,1.0,6.0,0.21860431001215258
94.0,2.0,6.0,0.20691954390946762
94.0,2.0,8.0,0.1551261928151023
94.0,2.0,9.0,0.07742570236876817
94.0,3.0,5.0,0.08194965061863436
94.0,3.0,7.0,0.0042826857281873035
94.0,3.0,8.0,0.25334538540223295
94.0,4.0,7.0,0.023385839282501313
94.0,4.0,9.0,0.06342033075339897
94.0,5.0,8.0,0.13326791703627885
94.0,6.0,7.0,0.09371818051941433
94.0,6.0,9.0,0.15547205584731513
94.0,7.0,8.0,0.029500975590318113
95.0,0.0,1.0,0.16878823090034129
95.0,0.0,2.0,0.01883186465102627
95.0,0.0,5.0,0.020818476773517138
95.0,0.0,6.0,0.03694061244224149
95.0,0.0,7.0,0.08587225965043158
95.0,1.0,3.0,0.06110362005536715
95.0,1.0,4.0,0.048240042481463546
95.0,1.0,5.0,0.025341793171527564
95.0,1.0,6.0,0.11567232629691722
95.0,1.0,8.0,0.07671675070518486
95.0,1.0,9.0,0.13560890679647897
95.0,2.0,4.0,0.119787510383044
95.0,2.0,5.0,0.04197862534370779
95.0,2.0,6.0,0.014146244268443828
95.0,3.0,4.0,0.0011398900077965075
95.0,3.0,6.0,0.11647572451398967
95.0,3.0,7.0,0.026203869577249895
95.0,4.0,7.0,0.05616013695909167
95.0,4.0,8.0,0.06375789362076284
95.0,5.0,7.0,0.13293152663378804
95.0,5.0,8.0,0.3052651491953929
95.0,5.0,9.0,0.1033218398114444
95.0,6.0,7.0,0.07761122865473719
95.0,7.0,8.0,0.02115571299307463
95.0,7.0,9.0,0.11732208046197434
96.0,0.0,1.0,0.13319417253543536
96.0,0.0,2.0,0.05172835373587581
96.0,0.0,3.0,0.10567048494699464
96.0,0.0,4.0,0.10374147952837995
96.0,0.0,5.0,0.05833469364407685
96.0,0.0,6.0,0.10117453823464886
96.0,0.0,7.0,0.09328557427566614
96.0,0.0,8.0,0.2652282428612133
96.0,1.0,4.0,0.12061173821628235
96.0,1.0,5.0,0.14725906099521013
96.0,1.0,6.0,0.0590594789444895
96.0,1.0,7.0,0.1239057786351698
96.0,1.0,9.0,0.12202652587150187
96.0,2.0,3.0,0.21382691988651753
96.0,2.0,4.0,0.2575367942143834
96.0,2.0,5.0,0.1396433396011834
96.0,2.0,6.0,0.04310397027497473
96.0,2.0,7.0,0.048858287965132134
96.0,2.0,8.0,0.05419042539849342
96.0,3.0,5.0,0.02495230868303
96.0,3.0,6.0,0.029912882403317083
96.0,3.0,7.0,0.0486859794609544
96.0,3.0,9.0,0.0417022961901266
96.0,4.0,5.0,0.023654957878860412
96.0,4.0,6.0,0.04306977940655203
96.0,4.0,7.0,0.132567101830455
96.0,4.0,8.0,0.10664826483058601
96.0,4.0,9.0,0.044212927280375264
96.0,5.0,6.0,0.07269860870030556
96.0,6.0,7.0,0.07853869403095473
96.0,6.0,8.0,0.016123839519998302
96.0,6.0,9.0,0.02713086923012438
96.0,7.0,9.0,0.010837518905640884
96.0,8.0,9.0,0.11765715388871048
97.0,0.0,1.0,0.07592696826122641
97.0,0.0,2.0,0.03278742906177018
97.0,0.0,3.0,0.0774297187178977
97.0,0.0,4.0,0.05873027684943222
97.0,0.0,5.0,0.07538902970539982
97.0,0.0,8.0,0.0798407732820675
97.0,1.0,2.0,0.14765375305788903
97.0,1.0,8.0,0.016789099517514908
97.0,1.0,9.0,0.16138280340756264
97.0,2.0,3.0,0.05757683392901991
97.0,2.0,4.0,0.0690190521808069
97.0,2.0,5.0,0.13311183983063973
97.0,2.0,7.0,0.14458266020980118
97.0,2.0,9.0,0.007450108014123864
97.0,3.0,5.0,0.05271917220098785
97.0,3.0,6.0,0.07316456819784234
97.0,4.0,5.0,0.13810252475314566
97.0,4.0,7.0,0.21238426747661948
97.0,4.0,8.0,0.005920023480768576
97.0,4.0,9.0,0.04404529737747534
97.0,5.0,7.0,0.1815771609093099
97.0,6.0,8.0,0.005796961512986686
97.0,6.0,9.0,0.2926843516765246
97.0,7.0,8.0,0.027709327150436315
98.0,0.0,1.0,0.018624735877626232
98.0,0.0,3.0,0.12728065054843957
98.0,0.0,4.0,0.01379206749420309
98.0,0.0,5.0,0.23380888645653922
98.0,0.0,6.0,0.18012024811535665
98.0,0.0,8.0,0.0418161503984434
98.0,0.0,9.0,0.10698919544156418
98.0,1.0,3.0,0.020839844008514824
98.0,1.0,4.0,0.15321853965527144
98.0,1.0,6.0,0.014604650456597626
98.0,1.0,7.0,0.28192501715905566
98.0,1.0,9.0,0.13243783607356918
98.0,2.0,3.0,0.06405258394965552
98.0,2.0,4.0,0.32075307354373056
98.0,2.0,5.0,0.027337376724828333
98.0,2.0,7.0,0.020784032383449717
98.0,2.0,8.0,0.06772137454534656
98.0,2.0,9.0,0.013393295283212883
98.0,3.0,4.0,0.027212292228834773
98.0,3.0,5.0,0.18954825214891546
98.0,3.0,7.0,0.20988245309171982
98.0,3.0,8.0,0.055575334670644544
98.0,3.0,9.0,0.05702503696124761
98.0,4.0,5.0,0.012129383172173836
98.0,4.0,6.0,0.09012579249003119
98.0,5.0,6.0,0.09144142035796615
98.0,5.0,9.0,0.059898970032746884
98.0,6.0,8.0,0.11253909350972426
98.0,6.0,9.0,0.08859319608912578
98.0,7.0,8.0,0.10035231534986817
98.0,7.0,9.0,0.020633572028309233
99.0,0.0,1.0,0.0392904696769771
99.0,0.0,4.0,0.08172123331979
99.0,0.0,5.0,0.04989674681603548
99.0,0.0,7.0,0.08287686646316458
99.0,0.0,8.0,0.1277125210609675
99.0,1.0,3.0,0.020966091375739307
99.0,1.0,4.0,0.05562012160132981
99.0,1.0,7.0,0.03422453219616643
99.0,1.0,9.0,0.13416769846712423
99.0,2.0,4.0,0.10824811032456177
99.0,2.0,6.0,0.04402178142480406
99.0,2.0,8.0,0.037006373560306775
99.0,3.0,4.0,0.07375798556177077
99.0,3.0,5.0,0.0519470189040689
99.0,3.0,9.0,0.06681413906318585
99.0,4.0,5.0,0.13534509672132192
99.0,4.0,6.0,0.024194333265337393
99.0,4.0,7.0,0.07460286417778052
99.0,4.0,9.0,0.02222077570332877
99.0,6.0,9.0,0.05771929639646797
